城市,市区,小区,户型(室),户型(厅),朝向,楼层,装修情况,电梯,面积,年份,价格
北京,丰台,御景春天A区,2,2,南 东,25,简装,有,92.77,2011,425
北京,通州,长城国际,1,1,东 西,20,精装,有,48.52,2009,175
北京,丰台,晓月新苑,1,1,南,21,简装,有,63.14,2007,258
北京,丰台,顶秀欣园东苑,2,1,西南,21,精装,有,91.24,2006,585
北京,朝阳,江南山水,1,0,南,12,精装,有,53.24,2014,320
北京,朝阳,乐成国际,3,1,南 北,21,精装,有,147.18,2006,1518
北京,西城,远见名苑二期,3,1,南 北,20,简装,有,148.17,2004,1690
北京,朝阳,光华欣居,3,1,南 北,15,精装,有,112.82,1998,645
北京,门头沟,德露苑,3,2,南 北,6,精装,无,158.68,1999,415
北京,顺义,金汉绿港一区,4,2,南 北,20,精装,有,148.63,2006,570
北京,通州,融科钧廷,3,2,南 北,20,精装,有,139.94,2011,480
北京,昌平,风雅园二区,4,1,南 北,7,简装,无,154.22,2000,499
北京,顺义,双裕花园西区,5,2,东 南 北,5,简装,无,218.41,2001,678
北京,门头沟,绿城西山燕庐,4,1,南 北,8,精装,有,143.81,2019,860
北京,昌平,天通西苑三区,3,2,南 西,32,简装,有,192.28,2003,530
北京,房山,万科新里程57号院,2,1,南,8,精装,有,91.01,2013,410
北京,丰台,城建宿舍,2,1,南 北,6,精装,无,55.3,1993,275
北京,怀柔,顶秀美泉小镇B区,3,2,南 北,5,精装,有,118.35,2015,418
北京,朝阳,建业苑(松榆北路7号院),3,2,东 南,17,简装,有,136.81,2001,796
北京,顺义,港馨家园东区,3,2,南 北,9,精装,有,93.83,2011,415
北京,房山,腾龙家园二区,3,2,南 北,12,简装,有,145.1,2011,215
北京,石景山,中海金玺公馆,3,2,南 北,20,精装,有,112.11,2017,895
北京,通州,艺苑西里,3,1,南 北 东,6,精装,无,129.72,1999,410
北京,朝阳,紫御华府,5,2,东 南 北,19,精装,有,383.53,2013,4000
北京,通州,K2清水湾,3,3,南 西,27,简装,有,172.7,2012,495
北京,顺义,裕龙三区,3,2,南 北,22,精装,有,162.17,2009,600
北京,顺义,水色时光一区,6,2,南 北,3,精装,None,192.3,2004,580
北京,丰台,尚西泊图,3,2,东南,21,其他,有,127.9,2004,790
北京,石景山,八角南里,4,1,东 南 北,5,精装,无,117.14,1993,650
北京,通州,京艺天朗,2,1,南,6,简装,无,82.61,2004,349
北京,朝阳,东一时区,2,1,南 北,5,毛坯,无,121.81,2005,465
北京,顺义,空港吉祥花园,2,1,南,9,精装,有,74.3,2007,410
北京,昌平,龙锦苑一区,2,1,南 北,6,简装,无,88.85,2005,469
北京,顺义,水色时光五区,3,2,南 北,7,精装,有,110.99,2009,222
北京,海淀,冬晴园,1,1,南 北,5,简装,无,62.7,2009,565
北京,丰台,北大地三里,1,1,南 西 北,5,精装,无,35.5,1980,334
北京,朝阳,华严北里小区,2,1,东南,18,简装,有,62.53,1993,535
北京,顺义,东兴二区,1,1,南 北,6,简装,无,71.23,2001,230
北京,朝阳,双惠小区,2,1,南 北,6,精装,无,90.53,2003,473
北京,昌平,北城根小区,2,1,南,5,其他,无,63.26,1993,245
北京,朝阳,壹线国际,1,0,东,9,简装,有,39.26,2008,273
北京,西城,车站东街甲9号院,2,1,东 西,6,简装,无,54.68,1995,579
北京,昌平,金隅万科城二期,3,2,南 北,28,精装,有,124.01,2011,590
北京,昌平,天通苑北二区,2,1,南,15,精装,有,105.61,2004,495
北京,朝阳,青年汇佳园,2,1,西北 南,16,精装,有,80.76,2008,638
北京,昌平,东关二条,2,1,南,6,精装,无,55.09,1987,259
北京,昌平,天通苑北三区,2,1,南,7,简装,无,97.38,2005,440
北京,海淀,新外大街甲25号院,3,1,南 北,6,精装,无,81,1997,932
北京,海淀,国海广场,2,1,东,26,精装,有,95.71,2010,530
北京,石景山,八角北里,2,1,南 北,16,简装,有,55.66,1986,235
北京,朝阳,小关北里,2,1,南 北,6,精装,无,57,1987,460
北京,房山,房山大石河3号,2,1,南 北,6,精装,无,66.13,1997,113
北京,密云,密云橡树湾西区,3,1,南 北,20,精装,None,109.34,2017,278
北京,东城,东堂子胡同,3,1,南 北,6,精装,无,77.81,1989,890
北京,海淀,静源居,3,2,南,23,精装,有,151.39,2002,1590
北京,昌平,天通苑东二区,2,1,西 东,7,简装,无,110.33,2001,425
北京,大兴,同兴园,2,1,南 北,6,简装,无,71.07,1998,279
北京,顺义,建新北区,2,1,南 北,5,简装,无,59.32,1984,265
北京,石景山,杨庄北区,2,1,南 北,6,精装,无,77.61,2001,445
北京,朝阳,武圣东里,2,1,南 北,6,精装,有,61.15,1984,378
北京,朝阳,农光东里,2,1,南 北,6,精装,无,58.05,1983,298
北京,石景山,老山西里,2,1,南 北,6,精装,无,50.32,1982,230
北京,海淀,领秀新硅谷1号院,3,2,南 北,15,精装,有,143.69,2011,1315
北京,昌平,天通西苑三区,3,2,南 北,13,简装,有,160.91,2003,513
北京,东城,雍和家园一期,3,1,南 北,16,精装,有,185.53,2001,2388
北京,朝阳,财满街财经中心,3,2,南 北,14,简装,有,167.48,2005,370
北京,海淀,海赋国际,3,2,东 南 北,14,精装,有,226.09,2006,2320
北京,石景山,模式口东里,2,2,南 北,3,简装,无,101.92,1993,410
北京,丰台,万科中粮假日风景,3,2,南 北,9,精装,有,134.54,2008,1048
北京,朝阳,蓝色家园,3,1,东 南,32,精装,有,163.29,2003,1070
北京,昌平,吉晟别墅,5,2,南 北,3,简装,无,251.82,2005,1460
北京,丰台,亿城天筑,3,2,南 北,5,简装,无,128.71,2007,825
北京,丰台,亿城天筑,3,2,南 北,9,精装,有,131.6,2007,910
北京,朝阳,大西洋新城B区,4,1,东南 西北,10,精装,有,124.17,1999,1330
北京,顺义,万科城市花园,3,2,南 北,5,精装,无,162.22,1997,570
北京,西城,朗琴园,3,1,东南,29,精装,有,121.15,2004,1750
北京,顺义,龙湾别墅,7,2,南 北,3,精装,无,382.8,2009,2700
北京,大兴,观音寺小区,3,1,南 北,6,精装,无,83.12,1995,227
北京,朝阳,金隅汇星苑,2,1,南,29,简装,有,81.36,2016,545
北京,房山,瑞雪春堂,2,1,南,15,精装,有,90.23,2010,275
北京,门头沟,临镜苑,3,1,南 北,18,简装,有,123.74,2008,520
北京,大兴,兴政西里,3,1,南 北,6,简装,有,105.95,1996,386
北京,朝阳,金都杭城东区,2,1,东南,26,精装,有,87.76,2009,785
北京,朝阳,艺水芳园,2,1,东南,15,简装,有,92.64,2005,446
北京,朝阳,丝竹园小区,2,1,南 北,6,精装,无,56.74,1989,465
北京,石景山,金顶阳光,2,1,南,21,简装,有,89.47,2009,530
北京,朝阳,现代城,3,1,西北,28,简装,有,141.19,2001,929
北京,大兴,义和庄东里,3,2,南 北,6,简装,无,105.09,1999,290
北京,大兴,滨河东里,2,1,南 北,6,简装,无,60,1989,183
北京,丰台,刘家窑南里,3,1,南 北,6,简装,无,56.2,1989,320
北京,通州,DBC加州小镇,1,1,南,11,精装,有,59.31,2005,274
北京,朝阳,团结湖水利局宿舍,1,1,南,5,简装,无,37.57,1978,279
北京,朝阳,惠新西街33号院,2,1,东北,17,精装,有,62.66,1988,519
北京,海淀,景王坟,2,1,东南,18,简装,有,68.7,1990,690
北京,通州,玉桥南里,2,1,南 北,6,简装,无,61.2,1992,262
北京,通州,翠福园,2,1,南 北,6,简装,无,86.74,2005,308
北京,朝阳,建东苑,2,2,东 南 北,6,简装,无,78.91,2000,388
北京,朝阳,农光里,2,1,南 北,6,精装,无,62.36,1983,317
北京,丰台,珠光逸景一期,2,1,南 北,6,精装,有,77.2,2013,335
北京,大兴,一品嘉园,2,1,南 北,6,精装,有,82.22,2010,230
北京,海淀,普惠北里,2,1,南,6,其他,无,48.48,1980,640
北京,朝阳,通惠家园,1,1,东,28,精装,有,62.09,2001,374
北京,昌平,北街家园五区,3,1,南 北,18,简装,有,88.43,2009,475
北京,海淀,芙蓉里,1,1,南,6,精装,无,41.1,1985,500
北京,门头沟,新桥大街52号院,2,1,南 北,6,简装,无,60.65,1985,182
北京,朝阳,柏林爱乐三期,2,1,南 北,8,精装,有,60.17,2007,370
北京,大兴,兴海家园星苑,2,1,南 北,5,简装,无,77.71,2004,386
北京,昌平,名佳花园一区,1,1,南 北,6,精装,有,62.1,2002,265
北京,石景山,海特花园西区,2,1,南 北,6,精装,无,60.55,1994,355
北京,朝阳,武圣西里,2,1,南,6,简装,无,60.77,1989,288
北京,海淀,蓟门东里,3,1,南 北,15,简装,有,70.3,1985,715
北京,丰台,霍道口,2,1,南 北,6,简装,无,48.8,1980,285
北京,房山,北潞芳家园,3,2,南 北,5,简装,无,130.55,2002,295
北京,朝阳,劲松七区,2,1,南,6,精装,无,52.59,1982,299
北京,通州,大方居,2,1,南 北,15,简装,有,90.33,2008,298
北京,朝阳,富华家园,1,1,西南,24,精装,有,59.23,2000,290
北京,东城,永定门外大街,2,1,东,6,简装,无,50.01,1980,429
北京,朝阳,华纺星海家园,1,1,南,17,简装,有,56.86,2014,318
北京,朝阳,百环家园,2,1,东南,26,毛坯,有,110.88,2005,655
北京,东城,南岗子,2,1,南 西 北,6,精装,无,53.69,1985,599
北京,通州,京贸国际城,2,1,南 北,18,精装,有,91.39,2011,512
北京,昌平,龙泽苑西区,2,1,南 北,7,精装,无,83.85,1999,533
北京,昌平,领秀慧谷D区,2,2,南 北,11,简装,有,89.56,2016,639
北京,朝阳,东湖湾一期,3,2,南 北,28,精装,有,176.05,2007,2190
北京,朝阳,阳光广场,2,1,东,18,简装,有,149.84,1996,840
北京,大兴,北京城建海梓府,2,2,南 北,14,精装,有,159.34,2016,830
北京,昌平,北街家园八区,3,2,南 北,15,精装,有,123.85,2011,563
北京,通州,金地格林格林,3,1,东 南 北,18,简装,有,88.98,2015,357
北京,房山,西潞园二里,6,2,南 北,6,简装,无,96.68,1994,199
北京,通州,龙鼎园,4,1,南 北,11,简装,有,148.89,2005,530
北京,丰台,青秀城,3,1,南 北,5,精装,有,104.37,2012,697
北京,昌平,北街家园七区,4,2,西 北,17,精装,有,68.17,2012,373
北京,海淀,上地西里,3,1,西南,7,精装,无,145.76,1999,1399
北京,大兴,兴政西里,3,2,南 北,6,简装,无,101.99,1994,310
北京,亦庄开发区,枫丹壹号,4,1,南 北,18,精装,有,121.23,2014,828
北京,大兴,顺驰领海,3,2,南,20,精装,有,168.22,2008,716
北京,朝阳,华辉苑,3,2,西北,23,简装,有,150.74,2000,690
北京,大兴,顺驰领海,3,2,南,20,精装,有,168.22,2008,716
北京,大兴,兴政西里,3,2,南 北,6,简装,无,101.99,1994,310
北京,朝阳,华辉苑,3,2,西北,23,简装,有,150.74,2000,690
北京,亦庄开发区,枫丹壹号,4,1,南 北,18,精装,有,121.23,2014,828
北京,丰台,沸城,3,2,南 北,14,精装,有,134.06,2009,530
北京,昌平,保利罗兰香谷,3,1,南 北,17,精装,有,91.27,2014,509
北京,朝阳,美景东方,3,2,西南,23,简装,有,125.76,2011,1030
北京,顺义,水色时光五区,3,1,南 北,11,精装,有,109.9,2009,222
北京,通州,BOBO自由城,3,2,南 北,9,精装,有,125.34,2005,789
北京,丰台,玺萌公馆,4,2,南 北,6,精装,有,151.23,2008,1390
北京,海淀,富力桃园A区,3,2,南 北,9,精装,有,157.72,2008,1198
北京,通州,DBC加州小镇,3,2,南 北,8,精装,有,139,2007,580
北京,顺义,馨港庄园二区,3,2,南 北,6,简装,有,141.85,2005,330
北京,怀柔,益田影人四季花园,3,2,南 北,8,精装,有,167.13,2012,488
北京,丰台,京投银泰万科西华府,3,2,南 北,20,精装,有,138.83,2016,969
北京,昌平,北街家园八区,3,1,南 北,15,简装,有,123.85,2011,559
北京,海淀,柳林馆,3,1,南 北,6,简装,无,82.5,1983,1095
北京,海淀,百旺家苑,4,2,南 北,5,精装,无,164.46,2003,1260
北京,大兴,金色漫香林五期,3,2,南 北,6,毛坯,有,127.08,2011,710
北京,昌平,冠雅苑,3,1,南 北 西,6,简装,无,91.3,1999,335
北京,昌平,天通西苑二区,2,2,南 北,18,简装,有,139.24,2003,490
北京,朝阳,阳光广场,3,1,南 北,30,简装,有,173.58,1996,1025
北京,西城,东桃园,3,1,南 北 东,6,精装,无,111.8,1998,1440
北京,顺义,香悦四季,4,2,南 北,11,精装,有,138.53,2011,496
北京,海淀,建西苑南里,4,2,南 北,7,简装,无,137.48,1998,785
北京,海淀,太月园,3,2,西南,27,精装,有,128.1,1998,1398
北京,房山,金鑫苑,3,2,南 北,7,精装,无,130.13,2006,162
北京,西城,东桃园,3,1,南 北 东,6,精装,无,111.8,1998,1440
北京,朝阳,阳光广场,3,1,南 北,30,简装,有,173.58,1996,1025
北京,昌平,天通西苑二区,2,2,南 北,18,简装,有,139.24,2003,490
北京,昌平,冠雅苑,3,1,南 北 西,6,简装,无,91.3,1999,335
北京,怀柔,乐红园,4,2,南 北,6,简装,无,159.7,2013,318
北京,朝阳,蓝堡国际公寓,3,2,东 西,16,精装,有,179.56,2004,1698
北京,朝阳,万象新天天际高尔夫,3,2,南 北,17,简装,有,162.69,2009,839
北京,大兴,恒盛波尔多小镇南区,2,1,南,6,精装,有,88,2009,215
北京,海淀,永金里小区,3,1,东 西,6,简装,无,120.99,1999,865
北京,昌平,天通西苑三区,3,2,东 西,13,简装,有,144.99,2003,449
北京,昌平,龙兴园北区,3,2,南 北,6,精装,无,132.07,2000,588
北京,昌平,龙腾苑四区,3,2,西南 北,6,精装,无,144.43,2003,625
北京,昌平,天露园一区,3,2,南 北,6,精装,无,130.99,2008,555
北京,朝阳,臻园,3,2,南 北,16,精装,有,178.46,2015,2050
北京,朝阳,柏林爱乐一期,3,2,南 北,11,精装,有,130.27,2002,758
北京,朝阳,金海国际南区,3,2,西南,23,精装,有,149.97,2005,895
北京,海淀,亮甲店小区,3,1,南 西 北,7,精装,无,88.31,1999,812
北京,房山,九洲溪雅苑一区,3,2,东 南 北,14,精装,有,135.45,2009,355
北京,顺义,双裕花园西区,3,2,南 北,5,精装,无,152.56,2003,559
北京,丰台,京投银泰万科西华府,3,2,南 北,26,精装,有,113.75,2019,798
北京,房山,玉竹园小区一里,3,2,南 北,6,精装,无,110.75,2004,139
北京,朝阳,臻园,3,2,南 北,16,精装,有,178.46,2015,2050
北京,朝阳,柏林爱乐一期,3,2,南 北,11,精装,有,130.27,2002,758
北京,朝阳,金海国际南区,3,2,西南,23,精装,有,149.97,2005,895
北京,房山,长阳半岛怡和路6号院,3,2,南 北,15,精装,有,162.92,2015,738
北京,朝阳,世茂奥临花园,4,2,南 北,26,精装,有,252.53,2006,2200
北京,海淀,智学苑,3,1,东南,24,简装,有,126.65,2001,820
北京,朝阳,望京新城,3,1,东南 西南,26,简装,有,130.56,1998,829
北京,朝阳,东润枫景三期,3,1,西南,10,精装,有,130.78,2003,945
北京,昌平,名流花园,4,2,南 北,7,毛坯,无,182.14,1996,484
北京,昌平,昌盛园二区,3,2,南 北,22,精装,有,161.82,2004,455
北京,顺义,裕祥花园,3,2,南 北,4,精装,无,95.5,1999,310
北京,通州,BOBO自由城,2,2,南 北 东,5,精装,无,105.02,2004,556
北京,海淀,博雅德园,3,2,南 北,16,精装,有,137.74,2005,1099
北京,海淀,美丽西园,4,2,南 北,6,简装,有,129.51,1998,1180
北京,海淀,乐府江南,3,1,南 北,9,精装,有,135.44,2005,1420
北京,东城,广渠家园,3,2,东南,29,精装,有,79.67,2009,929
北京,丰台,远洋自然,3,2,南 北,13,简装,有,144.56,2006,1050
北京,朝阳,万象新天天际高尔夫,3,2,南 北,16,精装,有,158.6,2009,930
北京,顺义,马坡花园一区,4,2,南 北,5,简装,无,170.22,2002,350
北京,顺义,马坡花园一区,4,2,南 北,5,简装,无,170.22,2002,350
北京,朝阳,万象新天天际高尔夫,3,2,南 北,16,精装,有,158.6,2009,930
北京,顺义,双裕花园西区,3,2,南 北,5,精装,无,152.56,2003,559
北京,海淀,兰德华庭,3,1,南 北,12,精装,有,124.7,2005,1115
北京,昌平,龙回苑,3,1,南 北,7,简装,无,126.43,2004,545
北京,丰台,彩虹城三区,3,1,南 北,10,精装,有,125.97,2005,870
北京,房山,加州水郡二期,3,2,南 北,9,精装,有,158.34,2007,389
北京,海淀,乐府江南,3,2,南 北,9,精装,有,140.6,2005,1500
北京,昌平,金科廊桥水岸,3,2,南 北,6,精装,有,129.33,2013,655
北京,朝阳,富力又一城B区,3,2,东南,22,精装,有,122.13,2007,662
北京,海淀,紫金长安,4,2,南 北,15,简装,有,190.67,2005,2850
北京,朝阳,高家园二区,3,2,南 北,6,简装,无,104.41,1986,616
北京,昌平,天通苑北二区,2,2,南 北,13,简装,有,152.08,2004,600
北京,海淀,西山美墅馆K区,3,2,东 南 西 北,4,精装,无,188.47,2005,1750
北京,海淀,电信小区,3,1,南 北,6,简装,无,76.3,1989,720
北京,房山,金鑫苑,3,2,南 北,7,简装,无,130.13,2006,169
北京,昌平,云趣园二区,2,2,南 北,7,精装,无,93.49,2000,479
北京,朝阳,兴隆家园,3,1,南 北,23,简装,有,149.23,2005,810
北京,朝阳,国美第一城2号院,2,1,南,27,简装,有,93.83,2006,678
北京,朝阳,高家园二区,3,2,南 北,6,简装,无,104.41,1986,616
北京,大兴,庑殿家苑B区,2,1,南 北,18,简装,有,86.59,2015,395
北京,海淀,西钓鱼台嘉园,3,2,南 北,26,精装,有,150.66,2006,1980
北京,昌平,三水青清庄园一区,4,1,南 北,2,精装,None,200.02,2005,1099
北京,朝阳,国美第一城2号院,2,1,南,27,简装,有,93.83,2006,678
北京,丰台,新华街七里,3,1,东南,14,精装,有,85.9,1997,389
北京,朝阳,中海城南区,3,2,南 北,11,精装,有,131.34,2006,1060
北京,海淀,田村39号院,3,1,南 北,6,精装,无,96.7,2000,782
北京,昌平,天通西苑三区,3,2,南 西 北,32,简装,有,187.98,2003,528
北京,海淀,领秀新硅谷1号院,3,2,南 北,11,精装,有,140.1,2010,1395
北京,海淀,丹青府,3,2,南 北,12,精装,有,128.89,2009,1155
北京,昌平,天通苑北二区,2,2,南 北,13,简装,有,152.08,2004,600
北京,海淀,新康园,3,1,西南,32,简装,有,150.21,2003,770
北京,朝阳,珠江罗马嘉园东区,3,2,南 北,17,精装,有,176.09,2009,1340
北京,朝阳,苹果社区南区,3,2,南 北,27,精装,有,143.99,2005,1310
北京,朝阳,万象新天天际高尔夫,3,2,南 北,7,精装,有,141.43,2009,886
北京,房山,金鑫苑,3,2,南 北,7,简装,无,130.13,2006,169
北京,昌平,风雅园一区,3,1,南 北,6,简装,无,116.27,1999,490
北京,海淀,丹青府,3,2,南 北,12,简装,有,129.19,2009,1099
北京,昌平,云趣园二区,2,2,南 北,7,精装,无,93.49,2000,479
北京,丰台,福臻家园北区,3,2,南 北,9,简装,有,112.91,2007,749
北京,朝阳,珠江罗马嘉园东区,3,2,南 北,17,精装,有,176.09,2009,1340
北京,丰台,沸城,3,1,南,25,精装,有,120.85,2008,518
北京,石景山,远洋沁山水,3,1,南 北,21,精装,有,142.15,2009,1390
北京,大兴,原生墅,5,2,东 南 西,3,精装,无,222.54,2008,1100
北京,朝阳,合生国际花园,3,2,南 北,24,精装,有,137.56,2007,1378
北京,朝阳,鹿港嘉苑,3,2,南 西 北,23,精装,有,147.1,2007,1300
北京,通州,合生滨江帝景二期,3,2,南 北,18,精装,有,137.62,2016,750
北京,大兴,兴都苑,3,2,南 北,9,精装,有,119.64,2002,456
北京,西城,广义街10号院,3,2,南 北,6,简装,无,133.47,1997,1395
北京,房山,天恒乐活城,4,2,南 北,3,毛坯,无,234.85,2013,720
北京,昌平,天通苑北一区,3,2,南 北,7,精装,无,124.97,2004,539
北京,海淀,永金里小区,3,1,东 南 北,12,简装,有,131.99,1999,939
北京,海淀,清枫华景园,3,2,南 北,7,简装,有,141.12,2005,1550
北京,朝阳,百子湾家园二区,2,1,西南 北,24,简装,有,112.07,2006,518
北京,朝阳,世贸国际公寓,3,2,南 北,31,精装,有,258.01,2001,2285
北京,海淀,清缘里中区,2,2,南 北,10,简装,有,84.52,1998,539
北京,昌平,首开国风美唐二期,1,1,南,21,简装,有,62.79,2015,470
北京,朝阳,建国里,1,1,南,5,其他,无,36.56,1979,303
北京,朝阳,易构空间,1,1,西 北,24,精装,有,65.69,2004,488
北京,朝阳,金隅康惠园1号院,1,1,南,20,精装,有,58.75,2011,272
北京,昌平,清秀园南区,2,1,南,6,简装,无,57.32,1988,200
北京,门头沟,中门寺街67号院,2,1,南 北,6,简装,无,85.28,2002,190
北京,石景山,古城路小区,2,1,南 北,4,简装,无,50.3,1958,206
北京,朝阳,慧忠北里第二社区,3,3,南 北,9,简装,有,141.26,1997,698
北京,昌平,融泽嘉园西二路2号院,2,1,南 北,34,简装,有,89.22,2016,480
北京,东城,和平里中街3号院,2,1,南,20,精装,有,83.18,2007,1158
北京,朝阳,通惠家园,1,1,东,28,精装,有,59.63,2001,325
北京,大兴,旧宫新苑南区,2,1,南 北,18,精装,有,84.68,2012,390
北京,丰台,太平桥东里,2,1,南 北,6,精装,无,57.51,1984,376
北京,朝阳,瑞祥里,2,1,南 北,6,精装,无,80.54,2008,395
北京,通州,巴克寓所,2,1,南 西,6,精装,无,61.08,2005,310
北京,朝阳,华业玫瑰郡,1,2,南,11,精装,有,68.84,2008,605
北京,丰台,彩虹城四区,2,1,南 西,22,精装,有,87.33,2005,638
北京,朝阳,安慧里二区,3,1,东南,25,精装,有,79.2,1990,644
北京,大兴,金惠园三里,2,1,南 北,6,精装,无,85.11,2007,466
北京,朝阳,管庄西里,2,1,南,5,精装,无,52.97,1982,258
北京,昌平,万润家园,2,2,南 北,12,简装,有,99.94,2003,530
北京,西城,护国寺西巷57号院,2,1,南,6,精装,无,54.1,1984,760
北京,昌平,名流花园,3,2,南 北,6,其他,无,127.42,1997,433
北京,通州,大方居,2,1,南,15,简装,有,85.59,2010,275
北京,房山,黄辛庄东里,3,1,南 北,6,精装,无,106.66,2000,205
北京,通州,合生世界村,2,1,南 北,14,其他,有,90.66,2011,295
北京,通州,西马庄园,2,2,南 北,6,精装,无,79.62,2001,246
北京,朝阳,东恒时代一期,2,1,西北,32,精装,有,99.17,2003,710
北京,通州,京洲世家,2,1,南 北,9,精装,有,93.75,2010,395
北京,通州,大方居,2,1,南,15,简装,有,85.49,2010,275
北京,大兴,观音寺南里,2,1,南 北,6,简装,无,70.3,1995,230
北京,房山,文水家园,3,2,南 北,11,精装,有,139.18,2011,398
北京,门头沟,门头沟月季园,2,1,南 北,6,简装,无,60.25,1993,233
北京,顺义,石园北区,3,1,南 北,16,简装,有,91.15,2001,280
北京,昌平,金达园,2,1,南 北,6,精装,无,88.14,1998,460
北京,门头沟,向阳东里,2,1,南 西,6,精装,无,57.55,1994,170
北京,石景山,金隅滨和园燕堤中街6号院,2,1,南,31,精装,有,66.12,2014,205
北京,石景山,金隅滨和园燕堤中街6号院,2,1,南,31,精装,有,66.12,2014,205
北京,昌平,华龙苑南里,3,1,南 西 北,6,精装,无,87.58,1995,465
北京,昌平,北街家园六区,4,2,南,9,简装,有,89.65,2016,352
北京,昌平,华龙苑中里,2,2,南 北,5,简装,无,86.78,1991,408
北京,朝阳,兴隆家园,1,2,西,24,简装,有,66.43,2005,365
北京,房山,碧桂园小区二区,2,1,南 北,6,简装,无,88.21,2004,259
北京,昌平,建明里小区,2,1,南,12,精装,有,115.1,2005,336
北京,朝阳,石佛营西里小区,2,1,西南,21,精装,有,110.36,2000,595
北京,朝阳,华纺星海家园,1,1,南 北,17,其他,有,64.21,2014,330
北京,顺义,东兴一区,2,1,南 北,6,简装,无,64.84,1994,238
北京,朝阳,劲松二区,2,1,南 北 东,6,精装,无,59.25,1979,362
北京,大兴,佟馨家园A区,2,2,南 北,18,精装,有,86.97,2016,325
北京,房山,天恒乐活城,2,2,南 北,7,精装,有,115.59,2009,315
北京,通州,梨园小镇,2,1,南 北,13,精装,有,96.73,2005,466
北京,朝阳,曙光里,2,1,东南,5,精装,无,49.3,1978,359
北京,通州,梨园小镇,2,1,南 北,13,精装,有,96.73,2005,466
北京,昌平,龙泽苑东区,3,2,南 北,7,精装,无,135.82,2003,730
北京,大兴,顺驰领海,3,1,南 北,9,精装,有,123.78,2010,659
北京,房山,芭蕾雨悦都南区,2,1,东 西,8,精装,有,83.42,2013,330
北京,丰台,晶城秀府,1,1,西南,20,精装,有,57.63,2010,395
北京,石景山,碣石坪,2,1,东南,24,简装,有,88.5,2001,455
北京,大兴,首开康乃馨城,3,1,东 南,16,简装,有,88.8,2012,338
北京,大兴,永旭嘉园,2,1,南,16,精装,有,71.1,2015,288
北京,昌平,融泽嘉园西二路6号院,2,1,南,31,简装,有,87.66,2016,565
北京,密云,康居南区,3,2,南 北 西,6,毛坯,None,90.69,2016,162
北京,朝阳,国美第一城2号院,2,1,南,27,精装,有,93.22,2006,685
北京,朝阳,农光东里,2,0,南,6,精装,无,51.85,1996,200
北京,石景山,高井,2,1,南,5,简装,无,52.16,1982,145
北京,昌平,沙河一通小区,2,1,南,5,精装,None,47.43,1979,205
北京,朝阳,扬州水乡,2,1,南,3,精装,无,71.99,2005,275
北京,通州,保利大都汇,1,1,南,22,精装,有,49.71,2018,209
北京,朝阳,富力城A区,3,1,南 东,28,精装,有,88.88,2004,997
北京,顺义,顺鑫花语,2,2,南 北,9,毛坯,有,94.3,2010,310
北京,通州,保利大都汇,1,1,西北,18,精装,有,51.83,2018,185
北京,房山,天资Z庭,2,1,南 北,11,精装,有,108.79,2013,315
北京,丰台,万恒家园,2,2,南 北,6,精装,无,95.42,2005,630
北京,丰台,南木樨园,2,1,东 西,6,简装,无,62.3,1988,285
北京,海淀,竹园,2,1,南 北,6,简装,无,59.3,1994,518
北京,昌平,北街家园六区,3,1,东 西,18,毛坯,有,77.97,2010,363
北京,石景山,杨庄中区,2,1,西北,18,精装,有,87.71,1997,363
北京,房山,西悦欣居,2,1,南,18,简装,有,88.68,2012,319
北京,朝阳,康家园,2,1,东 南 北,6,简装,无,65.6,1997,406
北京,东城,上龙西里,3,1,东 北,11,精装,有,102.75,2012,1080
北京,朝阳,安华西里社区,2,1,东 西,6,简装,无,57.29,1985,460
北京,西城,安德路,2,1,南,6,毛坯,无,58.9,1993,888
北京,房山,长阳半岛4号院,2,1,南,17,精装,有,88.72,2012,415
北京,昌平,建明里小区,3,1,南 北,6,简装,无,133.9,2004,379
北京,丰台,万恒家园,2,2,南 北,6,精装,无,95.42,2005,630
北京,昌平,天通苑北三区,2,2,南 北,7,简装,无,112.23,2004,470
北京,石景山,融景城,2,1,南,25,精装,有,89.26,2012,610
北京,石景山,重兴园,1,1,南,15,精装,有,68.89,2003,419
北京,石景山,鲁谷村,2,1,南 北,6,精装,无,61.85,1995,348
北京,朝阳,东柳西里,2,0,南 北,5,简装,无,44.74,1987,218
北京,朝阳,十里堡南区,1,1,西,6,其他,无,47.48,1993,259
北京,朝阳,炫特嘉园一期,1,0,南,18,精装,有,39.08,2004,256
北京,西城,展览路,1,1,南,6,简装,无,35.5,1992,405
北京,密云,万科云溪,3,2,南 北,5,简装,None,185.73,2017,325
北京,丰台,益明园,1,0,南,15,精装,有,44.48,2004,369
北京,朝阳,安贞西里,1,1,东 西,6,简装,无,42.07,1984,368
北京,西城,荣丰2008,1,0,北,20,精装,有,27.78,2004,392
北京,石景山,新都名苑,1,1,南,21,精装,有,58.72,2013,239
北京,朝阳,朝阳无限芳菁苑,1,0,东,14,精装,有,35.42,2004,253
北京,石景山,华信大厦宿舍,1,1,南,6,简装,无,44.75,1993,178
北京,通州,新通国际花园,1,1,南,18,简装,有,59.63,2010,286
北京,朝阳,白领家园,1,0,西,16,精装,有,42.13,2004,305
北京,西城,西城晶华,2,1,东,11,精装,有,89.33,2008,1607
北京,大兴,兴辰大厦,2,1,西南,25,简装,有,83.45,1997,275
北京,朝阳,北平里,2,1,南 北,6,精装,无,61.04,1992,205
北京,昌平,花雨汀,4,2,南 北,15,其他,有,95.4,2014,470
北京,大兴,兴政东里,2,1,南 北,6,简装,无,51.41,1987,188
北京,西城,荣丰2008,1,1,南,16,精装,有,39.65,2007,666
北京,西城,建功南里,1,1,南,16,简装,有,57.62,1996,575
北京,丰台,万科中粮假日风景,2,1,南 北,9,精装,有,99.74,2008,780
北京,昌平,和平家园小区,2,1,南,12,精装,有,58.7,2005,229
北京,通州,润枫领尚,1,1,东 南,16,精装,有,69.9,2012,339
北京,朝阳,翠成馨园A区,2,1,南,14,精装,有,97.63,2006,479
北京,朝阳,安贞西里,2,1,南,16,精装,有,58.1,1985,550
北京,大兴,瀛海家园和园B区,2,1,南 北,15,简装,有,78.2,2014,350
北京,通州,博客园,2,1,南 北,10,简装,有,105.46,2006,460
北京,东城,西革新里124号,2,1,南 北,6,简装,无,54.44,1981,439
北京,大兴,佟馨家园D区,2,1,南 北,18,精装,有,79.64,2016,260
北京,朝阳,六里屯北里,2,1,南 北,6,精装,无,56.23,1986,420
北京,通州,润枫领尚,1,1,东 南,16,精装,有,69.9,2012,339
北京,朝阳,潘家园小区,2,1,西南,16,简装,有,63.03,1994,375
北京,西城,红莲北里,2,1,南 北,6,精装,有,54.37,1986,648
北京,昌平,佳运园一期,3,1,南 北,6,简装,无,91.49,1996,460
北京,昌平,龙腾苑五区,3,1,南 北,6,精装,无,117.95,2003,520
北京,大兴,宏大中园,2,1,南,16,精装,有,89.21,2006,426
北京,昌平,龙博苑二区,1,1,南,6,简装,无,61.99,2004,383
北京,顺义,鼎顺嘉园,2,2,南,13,精装,有,73.85,2016,225
北京,朝阳,梵谷水郡,2,1,西南 北,9,精装,有,88.13,2006,610
北京,西城,车站西街1号院,2,1,东南,8,精装,有,107.9,2006,950
北京,朝阳,翠成馨园A区,2,1,南,14,精装,有,97.63,2006,479
北京,昌平,天通苑北三区,2,1,南 北,7,精装,无,117.82,2003,480
北京,通州,格兰晴天,2,1,南 北,9,精装,有,77.55,2004,365
北京,通州,京贸国际城,2,1,东南,35,精装,有,89.93,2014,527
北京,大兴,旧宫北里,2,1,南 北,6,精装,无,90.51,1998,370
北京,通州,葛布店东里,2,1,东,4,简装,无,70.24,1960,220
北京,丰台,芳群园一区,2,1,南,25,精装,有,62.95,1990,415
北京,昌平,北郡嘉源,2,1,南 北,11,其他,有,81.45,2013,320
北京,大兴,瀛海家园逸园A区,2,1,南 北,15,精装,有,82.65,2014,338
北京,顺义,裕龙三区,2,1,南 北,22,简装,有,70.44,2009,275
北京,昌平,华龙苑南里,3,1,南 北,6,简装,无,102.53,1999,470
北京,朝阳,润泽公馆,2,2,南 北,11,简装,有,86.52,2014,870
北京,通州,新华联家园南区,2,2,南 北,7,精装,无,101.52,2002,438
北京,丰台,华富丽苑,2,1,南,30,精装,有,74.84,2009,420
北京,丰台,银地家园,2,1,东 西,7,精装,无,69.61,2001,306
北京,通州,运乔嘉园,2,1,东 西,11,其他,有,123.1,2003,369
北京,门头沟,绮霞苑,3,1,南 北,18,精装,有,117,2003,455
北京,丰台,芳星园三区,2,1,南 北,16,精装,有,54.53,1993,384
北京,丰台,四合欣园,1,1,南,18,简装,有,49.64,2014,280
北京,海淀,绿波漫板,2,1,南,12,精装,有,116.21,2004,1290
北京,朝阳,润泽公馆,2,2,南 北,11,简装,有,86.52,2014,870
北京,西城,新兴中巷,2,1,南 北,4,简装,无,48.9,1976,618
北京,西城,复兴门外大街,2,1,东 西,10,精装,有,69.9,1984,855
北京,朝阳,远洋一方林语苑,2,1,南 北,18,精装,有,89.98,2009,528
北京,朝阳,甘露园南里,2,1,南 北,6,精装,无,58.84,1995,345
北京,朝阳,富力阳光美园,3,1,东北,27,精装,有,89.69,2010,500
北京,房山,鸿顺园东区,2,1,南 北,6,精装,无,90.6,2005,289
北京,朝阳,保利嘉园三号院,2,1,东 东南,29,精装,有,88.08,2010,412
北京,朝阳,平乐园小区,2,1,南 北,6,精装,无,61.55,1995,428
北京,海淀,莲花小区,2,1,东南,28,精装,有,110.05,1999,785
北京,朝阳,合生国际花园,2,2,南,18,精装,有,104.36,2007,1027
北京,朝阳,澳洲康都,1,1,西南,28,精装,有,66.54,2006,575
北京,朝阳,华威北里,2,1,南 西北,19,精装,有,73.17,1994,430
北京,丰台,石榴园南里小区,2,1,南 北,6,简装,无,58.37,2001,324
北京,朝阳,劲松一区,2,1,南,5,精装,无,43.76,1979,276
北京,海淀,恩济里小区,3,1,东 南,4,精装,无,74.9,1993,815
北京,海淀,文慧园,2,1,南 北,6,精装,无,62.1,1998,628
北京,石景山,茂华景公馆,4,2,东 南 西 北,7,其他,有,247.87,2007,1930
北京,密云,首创澜茵山三期,3,1,南 北,7,精装,有,99.22,2016,175
北京,房山,长阳半岛怡和路8号院,3,2,南 北,15,精装,有,166.46,2013,688
北京,丰台,青秀城,3,2,南 北,13,精装,有,120.31,2011,865
北京,大兴,育新花园中里,3,1,西南 北,15,精装,有,128.92,2012,245
北京,丰台,青秀城,3,2,南 北,13,精装,有,120.31,2011,865
北京,海淀,富力桃园C区,3,1,南 北,20,精装,有,156.69,2009,1380
北京,大兴,顺驰领海,3,2,南 北,15,简装,有,107.62,2005,615
北京,丰台,鹏润家园,3,1,西南,30,精装,有,159.85,2000,1065
北京,丰台,万年花城二期,3,2,南,27,精装,有,126.63,2007,930
北京,房山,九洲溪雅苑二区,3,1,南 北,13,精装,有,132.48,2009,399
北京,门头沟,西山艺境8号院,4,2,南 北,6,简装,有,167.53,2018,650
北京,昌平,风雅园三区,3,1,南 北,6,精装,无,122.83,2000,560
北京,朝阳,风林绿洲,3,1,南 西,33,精装,有,170.8,2001,1536
北京,昌平,天通西苑三区,4,1,南 北,14,精装,有,197.21,2003,700
北京,丰台,莲香园,4,1,南 北,6,其他,无,123.61,1998,652
北京,大兴,育龙家园,3,2,南 北,6,精装,无,117.07,2002,513
北京,西城,金宸国际公寓,4,2,南 北,13,精装,有,297,2003,4860
北京,朝阳,慧忠北里第二社区,3,1,南 北,9,简装,有,106.75,2000,876
北京,朝阳,龙湖双珑原著,3,1,南 北,6,精装,有,193.78,2014,1750
北京,房山,腾龙家园二区,5,2,南 北,6,精装,无,187.65,2006,220
北京,朝阳,慧忠北里,3,1,南,24,精装,有,205.73,2000,1130
北京,西城,锦官苑,3,2,南 西,18,简装,有,158.21,2004,2780
北京,通州,靓景明居,2,2,南 北,12,精装,有,105.85,2004,458
北京,朝阳,北京青年城,3,1,南 北,6,简装,无,124.83,2003,836
北京,朝阳,大西洋新城A区,3,2,南 北,6,精装,无,132.93,1999,1099
北京,丰台,青秀城,3,1,南 北,11,精装,有,90.62,2011,700
北京,朝阳,公园五号,2,2,南 北,7,简装,无,106.38,2001,910
北京,海淀,恩济里小区,3,1,南 北,14,精装,有,117.95,1995,1099
北京,朝阳,国奥村,4,2,南 北,9,精装,有,245.41,2007,2980
北京,顺义,万科城市花园,3,2,南 北,6,精装,无,119.28,1996,445
北京,怀柔,小中富乐二区,3,2,南 北,6,精装,无,105.1,1993,280
北京,昌平,天鑫家园,3,2,南 西 北,5,简装,无,124.22,2002,566
北京,顺义,鲁能7号院颐景溪园,3,2,南 北,10,精装,有,135.18,2013,475
北京,丰台,南宫雅苑二期,3,1,南 北,5,精装,无,115.81,2009,368
北京,西城,建功北里,3,1,东 西北,16,精装,有,102.88,1996,1050
北京,房山,靠山居艺墅南区,4,3,南 北,3,精装,None,221.59,2007,850
北京,海淀,翠微路2号院,3,1,南 北,6,精装,无,67.8,1998,705
北京,昌平,海德堡花园,4,2,南 北,4,精装,无,226,2001,880
北京,海淀,博雅西园,3,2,南 北,8,精装,有,155.54,2004,1590
北京,昌平,西湖新村,3,2,南 北,7,精装,无,137.23,2002,446
北京,朝阳,慧忠北里第二社区,7,3,南 北,7,精装,有,286.77,1999,1500
北京,顺义,马坡花园一区,4,2,南 北,6,精装,无,135.72,2000,330
北京,昌平,吉晟别墅,4,1,南 北,3,简装,无,251.06,2003,1420
北京,朝阳,柏林爱乐一期,3,2,南 北,8,精装,有,151.87,2002,868
北京,朝阳,大西洋新城F区,3,2,西南 东北,8,精装,有,149.99,2006,1650
北京,朝阳,大西洋新城F区,3,2,西南 东北,8,精装,有,149.99,2006,1650
北京,顺义,鲁能7号院颐景溪园,3,2,南 北,10,精装,有,135.18,2013,440
北京,昌平,龙锦苑东五区,3,2,南 北,6,简装,无,124.62,2007,450
北京,东城,东中街,4,1,南 北,6,精装,无,107.35,1998,1100
北京,石景山,远洋山水,2,1,南,26,精装,有,100.85,2007,790
北京,昌平,天通苑中苑,2,1,南 北,7,精装,无,109.03,2008,486
北京,昌平,京科苑,3,2,南 北,6,简装,无,146.66,1999,468
北京,昌平,通达园,5,2,北 南,7,精装,无,209.82,2001,708
北京,亦庄开发区,卡尔生活馆,4,2,南 北,3,精装,无,268.04,2004,1290
北京,昌平,龙锦苑二区,3,1,南 北,6,精装,无,125.24,2005,549
北京,东城,兴隆都市馨园,2,2,南,7,精装,无,73.18,2003,839
北京,亦庄开发区,枫丹壹号二期,4,2,南 北,27,精装,有,112.1,2014,822
北京,顺义,双裕花园西区,4,2,南 北,6,精装,无,219.86,2001,899
北京,昌平,天通西苑三区,3,1,南 北,17,精装,有,159,2003,539
北京,昌平,名佳花园一区,4,3,南 北,7,简装,无,142.77,2002,418
北京,西城,马甸南村,4,2,南 北,13,精装,有,197.9,1995,1890
北京,昌平,天通苑东二区,3,2,南 北,7,精装,无,158.37,2001,440
北京,昌平,北街家园一区,3,2,南 北,9,精装,有,143.73,2008,685
北京,朝阳,京通苑,3,1,西南 北,18,精装,有,164.75,2000,609
北京,东城,恒基中心,3,2,东南,23,简装,有,188.3,1997,1100
北京,朝阳,US联邦公寓,3,1,南,31,精装,有,235.77,2007,1800
北京,亦庄开发区,枫丹壹号二期,4,2,南 北,27,精装,有,112.1,2014,822
北京,朝阳,爱这城二期,4,2,南 北,14,精装,有,152.69,2008,1280
北京,朝阳,北京香颂,4,2,东 南 北,18,精装,有,249.75,2007,1300
北京,密云,首创澜茵山二期,4,2,南 北,3,毛坯,有,101.35,2017,385
北京,朝阳,万象新天四区,3,2,南 北,5,简装,无,123.01,2005,728
北京,大兴,华润公元九里,6,3,南 北,7,精装,有,403.4,2014,1860
北京,丰台,风景club,3,2,南 北,11,毛坯,有,140.63,2007,1030
北京,朝阳,远洋万和公馆,4,2,南 北,29,精装,有,291.71,2014,3650
北京,朝阳,US联邦公寓,3,1,南,31,精装,有,235.77,2007,1800
北京,朝阳,融科橄榄城一期,3,2,南 北,28,精装,有,132.7,2006,1496
北京,丰台,庄维花园,3,2,东南,24,精装,有,145.42,2001,890
北京,朝阳,国风上观,4,2,南 北,22,其他,有,225.53,2009,2100
北京,朝阳,首开琅樾二期,4,2,南 北,3,毛坯,有,384.03,2017,3588
北京,海淀,翠微路甲9号院,3,1,南 北,6,简装,无,72.9,1987,768
北京,朝阳,远洋万和城A区,4,2,西南 北,18,精装,有,287.63,2011,2850
北京,朝阳,世华泊郡,3,2,东 南 北,27,精装,有,133.1,2012,1099
北京,朝阳,鸿华高尔夫庄园,5,2,南 北,3,精装,无,494.5,2005,3600
北京,朝阳,翠成馨园B区,3,2,南 北,6,精装,无,122.42,2004,648
北京,丰台,东丽温泉,3,2,东南,18,精装,有,116.48,1998,656
北京,朝阳,泛海国际澜海园,4,2,东 南 北,18,精装,有,244,2009,3050
北京,丰台,中体奥林匹克花园三期,4,2,南 北,3,精装,无,250.25,2009,890
北京,丰台,中体奥林匹克花园三期,4,2,南 北,3,精装,无,250.25,2009,890
北京,东城,东方银座,3,1,东南,25,精装,有,164.76,2003,1398
北京,顺义,誉天下,5,1,南 北,4,精装,无,370.46,2013,1430
北京,海淀,复兴路81号院,3,2,南,5,精装,无,49.3,1980,600
北京,朝阳,国风上观,4,2,南 北,22,其他,有,225.53,2009,2100
北京,丰台,东丽温泉,3,2,东南,18,精装,有,116.48,1998,656
北京,海淀,远洋风景,3,2,南 北,14,精装,有,160.09,2002,2200
北京,昌平,天通苑东二区,4,2,南 北,7,精装,无,182.63,2001,500
北京,昌平,天通苑中苑,3,2,南 北,12,精装,有,130.41,2008,625
北京,朝阳,东湖湾二期,3,2,南 北,28,精装,有,170.14,2009,2250
北京,海淀,知本时代,3,2,南 北,7,精装,无,126.27,2004,880
北京,朝阳,天居园,1,0,西北,32,精装,有,51.11,2008,340
北京,朝阳,金港国际,3,1,南 北,8,精装,有,130.93,2003,1258
北京,通州,四海公寓,3,1,南 北,6,简装,无,104.85,1994,305
北京,大兴,郁花园二里,3,2,南 北,7,简装,无,143.47,2000,585
北京,海淀,莱圳家园,3,1,南 北,18,精装,有,114.53,2009,1120
北京,朝阳,天润福熙大道,3,2,南 北,27,精装,有,159,2011,1560
北京,朝阳,中国铁建花语城,4,1,南 北,24,精装,有,129.11,2012,1390
北京,朝阳,新华联丽港,3,2,南 北,15,精装,有,158.12,2008,1080
北京,丰台,星河城东区,3,2,南 北,11,精装,有,128.71,2007,965
北京,通州,东营前街,2,2,南 北,6,简装,无,91.65,2001,308
北京,大兴,新安里,3,2,南 北,6,简装,无,123.28,2001,400
北京,昌平,望都家园,3,2,南 北,7,精装,无,142.71,2001,575
北京,通州,蓝调沙龙西区,3,2,南 北,11,精装,有,172.44,2004,700
北京,顺义,馨港庄园三区,3,2,南 北,6,精装,无,127.8,2004,317
北京,朝阳,康家园,3,1,东 南 北,6,简装,无,82.93,1996,525
北京,丰台,山语城一区,3,2,南 北,6,精装,有,138.7,2013,559
北京,海淀,远洋风景,3,2,南 北,14,精装,有,160.09,2002,2200
北京,昌平,天通苑中苑,3,2,南 北,12,精装,有,130.41,2008,625
北京,朝阳,中国铁建花语城,4,1,南 北,24,精装,有,129.11,2012,1390
北京,丰台,中体奥林匹克花园三期,4,2,南 北,3,精装,无,250.25,2009,890
北京,朝阳,天居园,1,0,西北,32,精装,有,51.11,2008,340
北京,朝阳,金港国际,3,1,南 北,8,精装,有,130.93,2003,1258
北京,朝阳,东湖湾二期,3,2,南 北,28,精装,有,170.14,2009,2250
北京,海淀,知本时代,3,2,南 北,7,精装,无,126.27,2004,880
北京,通州,四海公寓,3,1,南 北,6,简装,无,104.85,1994,305
北京,大兴,郁花园二里,3,2,南 北,7,简装,无,143.47,2000,585
北京,大兴,新安里,3,2,南 北,6,简装,无,123.28,2001,400
北京,朝阳,世华泊郡,3,2,东 南 北,27,精装,有,133.1,2012,1099
北京,通州,梨园东里,3,2,南 北,6,精装,无,136.15,2001,498
北京,朝阳,亮马嘉园,3,2,南 北,16,精装,有,142.45,2003,920
北京,朝阳,康城别墅二期,4,2,南 北,5,精装,无,240.29,2005,855
北京,朝阳,泛海国际樱海园,4,2,南 北,18,精装,有,239.68,2009,2770
北京,海淀,世纪新景,3,2,南 北,11,精装,有,164.27,2004,1720
北京,朝阳,中国铁建国际城,3,1,南 北,28,精装,有,111.67,2011,1138
北京,朝阳,奥林匹克花园二期,4,2,南 北,5,简装,无,182.1,2004,999
北京,朝阳,泛海国际澜海园,4,2,东 南 北,18,精装,有,244,2009,3050
北京,房山,蓝爵公馆,4,1,南 北,15,精装,有,162.76,2012,498
北京,东城,中海紫御公馆,2,2,南,21,精装,有,91.1,2010,1200
北京,通州,旭辉御锦,4,1,南 北,6,精装,有,195.31,2014,785
北京,昌平,龙回苑,3,2,南 北,7,精装,无,145.62,2004,539
北京,朝阳,芍药居2号院,3,2,南 北,7,简装,无,124.5,1999,888
北京,昌平,天通西苑一区,4,1,南 北,13,精装,有,187.16,2001,766
北京,朝阳,绿岛苑西区,3,1,东南 北,20,简装,有,119.76,2006,480
北京,石景山,远洋山水,3,1,东南,26,精装,有,133.55,2007,910
北京,石景山,雍景天成,2,2,南 北,6,精装,有,136.13,2004,855
北京,朝阳,利锦府府上,3,2,南 北,17,精装,有,137.93,2017,1140
北京,朝阳,松榆里,3,2,东南 西南,19,精装,有,88.04,1992,530
北京,通州,DBC加州小镇,3,2,南 北,7,简装,有,128.06,2007,550
北京,丰台,长安新城,3,1,南 北,8,简装,有,122.23,2004,818
北京,海淀,亮丽园,3,2,南 北,12,精装,有,132.64,2004,1425
北京,朝阳,阳光100,2,2,南,30,精装,有,160.66,2002,1165
北京,昌平,龙泽苑东区,3,2,南 北,9,简装,有,143.53,2003,729
北京,昌平,天通苑北三区,3,2,南 北,7,精装,无,130.3,2005,518
北京,海淀,天秀花园古月园,3,1,南 北,7,精装,有,138.04,2002,1350
北京,丰台,万科中粮假日风景,3,2,南 北,9,精装,有,134.12,2008,1390
北京,朝阳,绿岛苑西区,3,2,南 北,24,简装,有,129.09,1998,429
北京,昌平,天通苑六区,3,2,南 北,6,精装,无,130.71,2001,488
北京,通州,富力尚悦居D区,1,1,西,18,简装,有,49.21,2015,162
北京,房山,碧桂园小区C区,1,1,南 北,16,精装,有,67.68,2007,216
北京,朝阳,领地OFFICE,2,1,西,11,简装,有,104.05,2005,399
北京,朝阳,华严里,2,1,南 北,5,简装,无,48.3,1976,358
北京,朝阳,金隅悦和园,1,1,南,28,精装,有,61.09,2013,310
北京,朝阳,力鸿花园,1,1,北,24,精装,有,46.42,1998,488
北京,大兴,康盛园,1,1,南 北,6,精装,无,56.52,2000,289
北京,门头沟,东方小区,1,1,南 北,6,简装,无,54.14,1986,81
北京,朝阳,恋日国际,1,1,西北,25,精装,有,75.58,2003,478
北京,朝阳,炫特嘉园二期,1,0,北,28,精装,有,35.71,2004,230
北京,西城,菜园北里,2,1,西 东,5,其他,无,48.4,1973,485
北京,西城,玉桃园三区,1,1,南,4,精装,无,43.3,1994,645
北京,海淀,三虎桥,1,1,南,6,精装,无,42.75,1987,462
北京,昌平,旗胜家园,2,1,南 北,28,简装,有,89.21,2009,455
北京,西城,水电部宿舍,3,1,南 北,4,简装,无,84.5,1960,930
北京,昌平,龙脉温泉,3,1,南,3,其他,无,87.33,2003,205
北京,海淀,中海枫涟山庄,2,1,南 北,6,简装,有,89.18,2004,989
北京,西城,北三环中路12号院,2,1,南,12,简装,有,58.4,1986,795
北京,密云,涧桥山,2,1,东南,18,简装,有,92.3,2013,205
北京,朝阳,马南里,2,1,南 北,6,简装,无,61.79,1995,329
北京,昌平,温泉花园A区,2,1,南,5,精装,无,62.92,1994,227
北京,昌平,金隅万科城二期,2,1,东 西,26,精装,有,84.15,2012,383
北京,丰台,永翌公馆,1,1,东,25,精装,有,68.79,2011,490
北京,大兴,滨河西里南区,2,1,南 北,6,精装,无,60.81,1992,238
北京,昌平,拓然家苑,2,2,南 北,6,其他,无,96.44,2004,319
北京,大兴,富强东里,2,1,南 北,5,简装,无,53.5,1978,179
北京,丰台,银地家园,2,1,西南,14,简装,有,86.38,2005,389
北京,朝阳,汇鸿家园,2,1,东南,9,精装,有,70.88,2006,366
北京,大兴,黄村西里,2,1,南 北,5,简装,无,45.73,1977,168
北京,丰台,前泥洼小区,2,1,南 北,6,简装,无,60.79,1994,368
北京,房山,绿城百合公寓南区,3,2,南 北,6,精装,无,114.66,2005,315
北京,大兴,顺驰领海,2,2,南 北,9,精装,有,104.6,2005,530
北京,昌平,金域华府三期,2,1,南,25,精装,有,79.15,2015,649
北京,大兴,美宅湾,2,1,西南,15,简装,有,72.93,2006,269
北京,朝阳,澳林春天五期,2,2,东南,24,精装,有,112.87,2005,810
北京,朝阳,澳洲康都,2,1,西,17,精装,有,76.95,2005,745
北京,大兴,三合北巷,2,1,南,17,简装,有,76.49,2014,355
北京,西城,感化胡同14号院,2,1,南,6,精装,无,58.96,1983,620
北京,房山,中国铁建原香漫谷一区,2,1,南,20,简装,有,83.7,2013,180
北京,朝阳,管庄西里,3,1,南 西 北,6,简装,无,66.6,1997,318
北京,房山,禾香雅园,2,1,南,7,精装,有,81.35,2013,275
北京,怀柔,青春路九院,3,1,南 北,6,简装,无,72.43,1992,216
北京,朝阳,国美第一城3号院,2,1,西南,28,精装,有,92.13,2007,628
北京,朝阳,澳林春天二期,2,2,西南,24,简装,有,104.48,2002,775
北京,通州,永顺西里,2,1,南 北,6,简装,无,70.97,1993,260
北京,西城,黄寺大街24号院,2,1,南 北,7,简装,无,59.4,1995,930
北京,朝阳,三里屯南,3,1,南 西 北,5,精装,无,77.9,1960,613
北京,门头沟,中门寺街6号院,2,1,南 北,6,简装,无,73.4,2000,187
北京,通州,久居雅园,1,1,北,12,简装,有,55.5,2008,193
北京,朝阳,裕民路3号院,2,1,南 北,6,精装,无,57.65,1983,480
北京,顺义,万科城市花园,2,2,南,6,简装,无,77.24,1995,380
北京,房山,金鑫苑,2,1,南 北,6,简装,无,86.68,2006,137
北京,顺义,龙湖好望山,3,2,南 北,9,毛坯,有,295.44,2014,730
北京,西城,感化胡同14号院,2,1,南,6,精装,无,58.96,1983,620
北京,西城,木樨地,2,1,南,16,精装,有,62.9,1986,950
北京,西城,三四零一小区,2,1,东 南 西,6,简装,无,65.84,1999,759
北京,丰台,首科花园,2,1,西,23,精装,有,88.04,2006,668
北京,昌平,金域华府一期,2,1,南,26,精装,有,85.81,2012,635
北京,丰台,芳星园三区,2,1,南,16,简装,有,62.72,1990,412
北京,房山,阳光邑上,2,1,南 北,6,精装,无,89.55,2011,269
北京,朝阳,澳洲康都,2,1,西,17,精装,有,76.95,2005,745
北京,西城,新安北里,2,1,东 西,6,简装,无,55.34,1983,617
北京,门头沟,中门寺街6号院,2,1,南 北,6,简装,无,73.4,2000,187
北京,丰台,芳星园三区,2,1,南,16,简装,有,62.72,1990,412
北京,房山,阳光邑上,2,1,南 北,6,精装,无,89.55,2011,269
北京,海淀,人济山庄,2,1,西南,28,简装,有,88.47,2001,1028
北京,昌平,金隅万科城二期,2,1,东 西,9,精装,有,75.48,2011,360
北京,朝阳,凤凰城三期,2,1,南,31,精装,有,115.25,2006,1500
北京,西城,黄寺大街24号院,2,1,南 北,7,简装,无,59.4,1995,930
北京,朝阳,澳林春天五期,2,2,东南,24,精装,有,112.87,2005,810
北京,怀柔,青春路九院,3,1,南 北,6,简装,无,72.43,1992,216
北京,朝阳,西坝河东里,3,0,东北,18,精装,有,67.41,1987,580
北京,朝阳,澳林春天二期,2,2,西南,24,简装,有,104.48,2002,775
北京,通州,大方居,2,1,东,22,简装,有,89.92,2008,290
北京,朝阳,双合家园,2,1,南 北,22,精装,有,90.49,2013,415
北京,朝阳,尚家楼48号院,2,1,西南 东北,12,简装,有,70.26,1997,569
北京,朝阳,富力又一城B区,2,1,东 北,22,精装,有,81.76,2008,424
北京,大兴,润枫锦尚,2,1,南,10,简装,有,88.68,2011,449
北京,朝阳,翠成馨园E区,2,1,东南,28,精装,有,92.23,2009,412
北京,房山,天恒乐活城,2,1,西北,20,精装,有,69.76,2011,168
北京,顺义,裕龙三区,3,1,南 北,11,简装,有,95.43,2009,410
北京,房山,五和万科长阳天地5号院,3,1,南 北,11,精装,有,94.96,2016,412
北京,大兴,兴政西里,2,2,南 北,6,简装,无,67.5,1994,249
北京,大兴,黄村西里,2,1,南 北,5,简装,无,57.39,1982,185
北京,朝阳,科学园南里七区,2,1,东 南 北,7,简装,无,59.09,1994,559
北京,朝阳,国美第一城3号院,2,1,西南,28,精装,有,92.13,2007,628
北京,房山,绿城百合公寓南区,2,2,南 北,5,精装,无,81.14,2005,229
北京,丰台,首经贸中街1号院,2,1,南,18,精装,有,87.4,2008,515
北京,丰台,玉林东里一区,2,1,南 北,6,精装,无,59.1,1992,445
北京,房山,合景领峰7号院,3,1,南 北,18,精装,有,99.1,2015,435
北京,石景山,古城服务楼,2,1,东 西,6,简装,无,53.2,1989,199
北京,密云,城建上河湾北区,2,1,南,14,其他,有,73.6,2015,180
北京,房山,燕化星城北里,5,2,南 北,6,简装,无,151.74,2003,262
北京,通州,皓月苑,2,1,南 北,6,简装,无,94.21,2002,279
北京,朝阳,和乔丽致公寓,1,1,北,16,精装,有,61.44,2004,480
北京,大兴,首邑溪谷,2,1,东 西,16,精装,有,47.08,2012,295
北京,西城,丽水莲花,1,1,北,20,精装,有,60.33,2009,667
北京,朝阳,富华家园,2,1,南,24,精装,有,77.85,2000,485
北京,房山,阳光邑上,2,1,东 西 北,6,精装,有,68.15,2011,252
北京,房山,阳光邑上,2,1,南 北,6,精装,有,86.69,2012,310
北京,朝阳,双桥小区,2,1,南 北,7,精装,无,73.21,2005,332
北京,丰台,莲香园,2,1,东南,24,简装,有,82.11,1998,619
北京,海淀,翠微南里,2,1,南,18,简装,有,68.39,1988,735
北京,房山,阳光邑上,2,1,东 西 北,6,精装,有,68.15,2011,252
北京,大兴,鑫苑鑫都汇,3,1,南 北,18,精装,有,115.14,2015,543
北京,密云,城建上河湾北区,2,1,南,14,其他,有,73.6,2015,180
北京,房山,燕化星城北里,5,2,南 北,6,简装,无,151.74,2003,262
北京,朝阳,八里庄南里,2,1,南 北,6,简装,无,57.58,1985,399
北京,石景山,模式口西里,2,1,东南,16,毛坯,有,62.97,1988,218
北京,朝阳,广和东里,2,1,南 北,6,简装,无,56.13,1979,319.8
北京,朝阳,潘家园小区,2,1,东南,12,简装,有,68.76,1994,378
北京,西城,丽水莲花,1,1,北,20,精装,有,60.33,2009,667
北京,朝阳,富华家园,2,1,南,24,精装,有,77.85,2000,485
北京,朝阳,和乔丽致公寓,1,1,北,16,精装,有,61.44,2004,480
北京,大兴,首邑溪谷,2,1,东 西,16,精装,有,47.08,2012,295
北京,东城,新景家园东区,2,1,南 北,10,简装,有,80.46,2005,960
北京,大兴,首开康乃馨城,1,1,南,9,精装,有,64.85,2012,227
北京,西城,西城晶华,1,1,东,11,简装,有,88.62,2008,1395
北京,大兴,大城小镇,2,1,南 北,6,简装,无,94.32,2007,398
北京,朝阳,翠成馨园D区,3,2,东南,28,精装,有,98.63,2014,475
北京,房山,大自然新城雅苑,2,1,南 北,6,简装,None,94.81,2003,105
北京,朝阳,南平东里,3,2,南 北,6,简装,无,106.26,1999,370
北京,房山,长阳国际城三区,3,1,南 北,15,精装,有,88.8,2012,355
北京,昌平,龙跃苑一区,2,1,南 北,6,简装,无,87.36,2003,450
北京,昌平,龙跃苑三区,2,1,南 北,6,精装,无,101.88,2005,465
北京,昌平,龙跃苑三区,2,1,南 北,6,精装,无,101.88,2005,465
北京,通州,11站,2,1,南 北,13,精装,有,88.51,2005,353
北京,大兴,宏大南园,2,1,南,9,精装,有,94.68,2006,425
北京,大兴,首座御园一期,2,1,南 北,8,简装,有,92.11,2013,375
北京,房山,长阳国际城三区,3,1,南 北,15,精装,有,88.8,2012,355
北京,朝阳,安慧里一区,2,1,南 北,18,精装,有,63.59,1991,535
北京,丰台,未来上层,2,2,南 北,13,精装,有,95.06,2005,839
北京,房山,加州水郡三期,1,0,南,14,精装,有,53.57,2010,169
北京,房山,北潞春家园,2,1,南 东,6,简装,无,89.73,2000,222
北京,西城,红莲北里,2,1,南 北,6,精装,无,61.18,1987,645
北京,昌平,龙锦苑东五区,3,2,南 北,6,精装,无,124,2007,530
北京,大兴,黄村西里,2,1,东,5,简装,无,49.46,1980,167
北京,朝阳,朝丰家园,2,2,南 北,18,简装,有,77.6,2009,310
北京,密云,京溪小区,3,1,南 北,6,精装,None,103.41,1999,105
北京,通州,翠福园,2,1,南 北,6,精装,无,92.25,2001,319
北京,大兴,鑫苑鑫都汇,3,2,南 北,26,精装,有,104.54,2015,452
北京,东城,兴隆都市馨园,2,2,南 北,7,精装,无,74.17,2004,824
北京,昌平,北京人家,2,2,南 北,5,简装,无,93.76,2005,518
北京,通州,西营前街,2,1,北 南,6,简装,无,66.46,1994,249
北京,昌平,龙锦苑一区,2,1,南 北,6,精装,无,102.61,2005,490
北京,昌平,御路园,2,1,南 北,7,简装,无,97.42,2002,298
北京,昌平,民园小区,2,1,南 北,6,简装,无,69.35,1998,239
北京,朝阳,绿岛苑西区,2,1,南,24,简装,有,75.74,1999,353
北京,昌平,龙锦苑六区,2,1,南 北,6,简装,无,94.27,2003,509
北京,大兴,康宜家园北区,2,1,南,21,简装,有,70.08,2015,230
北京,通州,珠江拉维小镇,2,1,南,10,简装,有,97.16,2011,389
北京,朝阳,胜古北里 ,2,1,南 北,6,毛坯,无,64.73,1991,445
北京,西城,恬心家园,2,1,东 北,20,精装,有,87.57,2003,830
北京,密云,首创澜茵山三期,4,2,南 北,15,精装,有,123.41,2016,198
北京,大兴,万源北路7号院,2,1,东南,15,简装,有,93.45,2013,376
北京,朝阳,双桥六号井,2,1,南 北,6,简装,无,55.24,1989,219
北京,朝阳,金蝉南里,1,1,南,14,简装,有,65.45,2007,402
北京,门头沟,丽景长安,2,1,南,26,精装,有,88.79,2015,379
北京,朝阳,垡头北里,2,1,东 西,6,简装,无,57.24,1988,226
北京,石景山,赵山,2,1,南 北,6,简装,无,62.16,1996,255
北京,东城,竹杆胡同,1,1,南,6,精装,无,55.47,2005,653
北京,朝阳,罗马花园,2,1,西南,26,精装,有,141.59,1995,920
北京,海淀,领秀新硅谷1号院,2,2,南 北,9,精装,有,96.22,2011,990
北京,丰台,汤泉墅,3,1,南 北,6,简装,无,87.5,2011,280
北京,密云,麓秀,3,1,西 北,9,精装,None,98.75,2014,165
北京,昌平,京科苑,3,1,南 北,6,简装,无,85.89,1994,293
北京,门头沟,西山艺境华墅,4,2,东 南 北,5,精装,有,207.02,2017,860
北京,丰台,金隅润景阁,2,1,南,15,毛坯,有,107.62,2007,645
北京,石景山,融景城,2,1,南,17,精装,有,88.62,2012,585
北京,昌平,合立方,3,1,南 西,21,精装,有,85.39,2010,530
北京,昌平,新悦家园,2,1,南 西,28,简装,有,91.54,2013,339
北京,大兴,华远和墅,2,1,西,6,精装,无,72.44,2015,160
北京,丰台,海户西里,2,1,南 北,12,简装,有,63.17,1995,356
北京,通州,11站,2,1,南 北,13,精装,有,88.51,2005,353
北京,通州,荔景园,2,1,南 北,12,简装,有,94.01,2005,429
北京,大兴,宏大南园,2,1,南,9,精装,有,94.68,2006,425
北京,房山,碧桂园小区A区,2,1,南 北,6,简装,无,92.2,2003,245
北京,东城,竹杆胡同,1,1,南,6,精装,无,55.47,2005,653
北京,朝阳,罗马花园,2,1,西南,26,精装,有,141.59,1995,920
北京,海淀,领秀新硅谷1号院,2,2,南 北,9,精装,有,96.22,2011,990
北京,房山,芭蕾雨悦都北区,3,1,南 北,10,毛坯,有,100.73,2015,393
北京,海淀,黄亭子小区,2,1,南,18,简装,有,61.2,1998,698
北京,海淀,莲花小区,3,1,南 北,28,精装,有,137.57,2000,905
北京,昌平,龙锦苑东五区,3,2,南 北,6,精装,无,124,2007,530
北京,大兴,黄村西里,2,1,东,5,简装,无,49.46,1980,167
北京,丰台,华富丽苑,2,1,东,27,精装,有,74.65,2007,383
北京,大兴,康宜家园北区,2,1,南,21,简装,有,70.08,2015,230
北京,顺义,西辛南区,2,1,南 北,6,简装,无,86.48,2001,299
北京,房山,天资华府,3,2,南 北,18,简装,有,118.35,2017,419
北京,通州,富力尚悦居B区,2,2,东 南 北,22,简装,有,75.34,2015,248
北京,石景山,八角南路,2,1,南 北,6,简装,无,63.79,1986,286
北京,丰台,恋日嘉园一期,1,1,南 北,13,简装,有,40.44,2001,310
北京,丰台,南珠苑,3,1,西南,18,简装,有,104.99,2000,650
北京,密云,开园小区,2,1,南 北,18,精装,None,99.17,2012,259.5
北京,朝阳,华严北里小区,1,1,东,16,简装,有,44.51,1995,365
北京,朝阳,柏林爱乐四期,1,1,南,15,简装,有,68.47,2008,415
北京,通州,花涧溪,2,1,南 北,12,精装,有,94.16,2006,395
北京,昌平,新龙城,2,1,东北,8,简装,有,86.76,2007,520
北京,朝阳,北京新天地三期,2,2,西南,28,精装,有,95.46,2008,585
北京,房山,天恒乐活城南区,3,1,南 北,4,精装,无,125.68,2014,365
北京,朝阳,三丰里小区,2,1,南 北,6,精装,无,57.43,1988,478
北京,丰台,马公庄,2,1,南 北,6,精装,无,54.5,1985,290
北京,朝阳,安慧北里小区,2,1,南,13,简装,有,55.39,1988,402
北京,朝阳,左家庄南里,1,2,南 北,14,简装,有,55.17,1996,359
北京,朝阳,管庄北二里,2,2,南 北,28,简装,有,91.19,2013,508
北京,大兴,永旭嘉园,2,1,南,16,简装,有,88.34,2016,329
北京,通州,金隅通和园,2,1,南,29,毛坯,有,83,2011,276
北京,东城,和平里五区,1,1,西南,6,精装,无,40.98,1996,598
北京,丰台,燕西华府,2,1,南 北,6,简装,有,88.55,2016,265
北京,朝阳,柏林爱乐二期,1,1,东 西,11,简装,有,65.68,2004,390
北京,朝阳,柏林爱乐二期,1,2,西 北,21,简装,有,71.69,2005,382
北京,丰台,华芳嘉园,2,1,南 北,6,简装,无,88.48,2000,525
北京,海淀,上庄家园西区,2,1,南 北,6,简装,无,68.12,1999,392
北京,丰台,华富丽苑,2,1,西北,27,简装,有,68.53,2007,353
北京,昌平,京科苑,3,1,南 北,6,简装,无,85.89,1994,293
北京,海淀,社会福利院家属楼,2,1,南 北,6,简装,无,53.3,1991,388
北京,门头沟,梧桐苑知秋园,3,1,东 南,21,简装,有,88.83,2013,376
北京,丰台,金隅润景阁,2,1,南,15,毛坯,有,107.62,2007,645
北京,门头沟,西山艺境华墅,4,2,东 南 北,5,精装,有,207.02,2017,860
北京,朝阳,广渠门外大街,2,1,东南,16,简装,有,60.66,1984,393
北京,通州,大方居,2,1,南,15,简装,有,86.29,2010,287
北京,石景山,融景城,2,1,南,17,精装,有,88.62,2012,585
北京,通州,泰禾一号公馆,3,2,南 北,11,精装,有,122.88,2017,690
北京,朝阳,恋日绿岛,2,1,西南,16,简装,有,86.17,2004,390
北京,大兴,车站中里,2,1,南 北,6,精装,无,81.2,1995,239
北京,通州,K2玉m湾,2,1,南,27,精装,有,91.41,2015,535
北京,昌平,北街家园八区,2,1,北 南,15,毛坯,有,89.04,2011,435
北京,通州,DBC加州小镇C区,1,1,南,8,精装,有,66.94,2011,299
北京,朝阳,百子湾家园二区,2,1,南,22,简装,有,102.85,2006,568
北京,通州,靓景明居,2,1,西南,15,精装,有,77.48,2015,355
北京,朝阳,双花园西里,2,1,南 北,6,简装,无,60.87,1994,479
北京,朝阳,朝阳旺角,2,1,南 西 北,12,精装,有,111.58,2006,518
北京,朝阳,光辉南里,1,1,南 北,6,精装,无,52.68,1995,325
北京,丰台,同馨家园,2,1,南 北,28,精装,有,79.03,2014,395
北京,丰台,建欣苑三里,1,1,西,12,精装,有,59.42,2004,283
北京,朝阳,北沙滩4号院,2,1,南 西 北,6,精装,无,55.51,1988,440
北京,朝阳,静安东里,3,1,东南 西南,18,简装,有,78.1,1987,610
北京,通州,DBC加州小镇,3,2,南 北,11,其他,有,119.42,2005,538
北京,顺义,幸福东区,2,1,北 南,6,精装,无,59.55,1992,225
北京,昌平,北京人家,2,1,南 北,6,简装,无,94.58,2004,524
北京,大兴,林海园,2,1,南 北,6,简装,无,85.32,2002,205
北京,丰台,福顺里,2,1,东 西,18,简装,有,81.73,2004,488
北京,昌平,保利芳园,3,1,东 西北,18,简装,有,58.85,2014,270
北京,朝阳,中国铁建国际城,2,1,南 北,6,简装,无,57.8,2011,499
北京,昌平,北郊农场宿舍,2,1,南 北,4,简装,无,65.2,1988,316
北京,丰台,西罗园南里,2,1,东 西,6,精装,无,67.35,1999,298
北京,通州,西潞苑小区,2,1,南,6,精装,无,57.46,1997,192
北京,房山,阳光邑上,2,1,南 北,6,精装,有,85.21,2012,305
北京,通州,京贸国际公寓,3,1,东北,29,精装,有,140.23,2004,442
北京,通州,新华小区,3,2,南 北,7,简装,无,106.02,1997,368
北京,石景山,永乐西区,2,1,南 北,6,毛坯,无,57.63,1985,277
北京,朝阳,农光里,1,1,南,6,简装,无,49.5,1991,279
北京,朝阳,天润福熙大道,3,2,东 南 北,26,精装,有,140.66,2016,1399
北京,房山,瑞雪春堂,2,1,南 北,15,精装,有,89.04,2009,279
北京,房山,天资华府,3,2,南 北,18,简装,有,118.35,2017,376
北京,昌平,天通苑东一区,2,1,南 北,7,精装,无,124.73,2001,459
北京,海淀,社会福利院家属楼,2,1,南 北,6,简装,无,53.3,1991,388
北京,昌平,京科苑,3,1,南 北,6,简装,无,85.89,1994,293
北京,通州,大方居,2,1,南,15,简装,有,86.29,2010,287
北京,门头沟,西山艺境华墅,4,2,东 南 北,5,精装,有,207.02,2017,860
北京,门头沟,梧桐苑知秋园,3,1,东 南,21,简装,有,88.83,2013,376
北京,丰台,华富丽苑,2,1,西北,27,简装,有,68.53,2007,353
北京,石景山,融景城,2,1,南,17,精装,有,88.62,2012,585
北京,海淀,上庄家园西区,2,1,南 北,6,简装,无,68.12,1999,392
北京,丰台,金隅润景阁,2,1,南,15,毛坯,有,107.62,2007,645
北京,密云,华远澜悦,3,1,南 北,11,精装,有,87.97,2015,190
北京,朝阳,爱这城一期,2,1,西北,20,精装,有,82.01,2007,665
北京,朝阳,沿海赛洛城二期,2,1,东南,6,精装,有,90.61,2007,645
北京,海淀,八里庄北里,3,1,东 西,12,精装,有,76.9,1996,694
北京,朝阳,华威北里,1,1,东 西 北,6,精装,无,37.64,1991,229
北京,昌平,龙跃苑三区,2,1,南 北,6,精装,无,106.37,2005,529
北京,西城,光泽胡同,2,1,南 北,6,简装,无,58.1,1984,830
北京,朝阳,金隅悦和园,2,2,南,28,简装,有,79.71,2013,389
北京,西城,德宝新园,2,1,南 北,6,其他,无,61.5,1992,808
北京,通州,北人家园,2,1,南 北,27,精装,有,81.82,2018,330
北京,石景山,海特花园西区,3,2,西南 北,18,简装,有,106.8,1995,508
北京,大兴,金色漫香林五期,2,1,南 北,6,精装,有,90.06,2011,496
北京,大兴,兴华园,2,1,南 北,6,简装,无,78.63,1996,317
北京,石景山,模式口北里,2,2,南 北,3,精装,无,101.54,1993,383
北京,朝阳,酒仙桥三街坊,2,1,西南 东北,6,精装,无,59.83,1993,325
北京,门头沟,增产路,2,1,西,5,简装,无,55.57,1985,151
北京,通州,长桥园公寓,3,2,南 北,15,简装,有,112.21,2004,439
北京,昌平,金隅万科城二期,3,1,南 北,28,精装,有,122,2012,560
北京,朝阳,双合家园,2,1,南 北,22,精装,有,89.92,2013,369
北京,西城,平原里小区,2,1,南 北,9,简装,有,63.79,1999,738
北京,海淀,水木天成,2,1,东北,26,简装,有,65.54,2005,558
北京,门头沟,大峪南路,2,1,南 北,6,简装,无,59.47,1994,183
北京,昌平,亢山前路1号院,3,1,南 北,5,简装,无,93.12,2003,336
北京,房山,国际花园4号院,3,1,南 北,18,精装,有,89.59,2014,358
北京,海淀,玉海园二里,2,2,东 南,11,简装,有,87.66,2001,690
北京,房山,西潞园二里,2,1,南 北,6,简装,无,64.45,1993,203
北京,朝阳,华严北里小区,2,1,东南,18,简装,有,61.8,1994,570
北京,大兴,庑殿家苑C区,2,1,南 北,11,简装,有,79.61,2015,358
北京,朝阳,京棉新城,2,1,东 西 北,32,简装,有,74.36,2006,398
北京,通州,华业东方玫瑰A区,1,1,西南,27,精装,有,63.02,2012,295
北京,昌平,流星花园三区,2,1,南 北,6,简装,有,99.53,2004,522
北京,朝阳,华纺易城,3,2,南 北,18,精装,有,126.44,2006,968
北京,西城,双旗杆东里,2,1,南 北,5,简装,无,59.4,1980,908
北京,昌平,龙跃苑三区,3,2,南 北,6,简装,无,119.23,2005,565
北京,朝阳,润泽悦溪,2,1,南 北,10,精装,有,89.35,2010,796
北京,丰台,万年花城二期,2,2,南,24,简装,有,92.79,2005,710
北京,昌平,永安里小区,2,2,东 西,6,简装,无,93.85,1997,295
北京,朝阳,双合家园,2,1,南 北,22,精装,有,89.92,2013,369
北京,西城,平原里小区,2,1,南 北,9,简装,有,63.79,1999,738
北京,通州,长桥园公寓,3,2,南 北,15,简装,有,112.21,2004,439
北京,朝阳,农光东里,1,1,南,6,简装,无,37.55,1989,255
北京,丰台,万科紫苑,2,1,南,14,精装,有,96.41,2009,739
北京,朝阳,垂杨柳北里,1,1,东南,18,简装,有,54.92,1988,282
北京,丰台,广安q康馨家园,2,1,南,26,毛坯,有,74.4,2015,388
北京,朝阳,团结湖东里,2,1,南 北,6,精装,无,71.81,1987,535
北京,朝阳,嘉多丽园,3,1,东 南,25,简装,有,117.01,2002,685
北京,顺义,双裕小区,2,1,南 北,6,简装,无,82.02,1994,285
北京,通州,格兰晴天,2,1,南 北,9,精装,有,77.55,2004,369
北京,石景山,新都丽苑,2,1,南 北,18,简装,有,97.59,2001,474
北京,丰台,怡海花园富泽园,2,1,南 北,12,精装,有,88.58,1999,526
北京,房山,康泽佳苑北区,2,1,南,25,精装,有,78.23,2015,288
北京,大兴,林海园,2,1,南 北,6,精装,无,85.1,2002,202
北京,昌平,保利芳园,3,1,东 西北,18,简装,有,58.85,2014,270
北京,昌平,卢卡新天地,1,1,南,18,精装,有,76.68,2014,388
北京,丰台,建邦枫景,3,1,南 北,22,简装,有,88.61,2010,510
北京,昌平,北郊农场宿舍,2,1,南 北,4,简装,无,65.2,1988,316
北京,昌平,流星花园二区,2,1,北 南,6,精装,无,84.24,2003,473
北京,朝阳,南十里居干部院,2,1,南 北,5,精装,无,88.24,1999,520
北京,东城,王家园胡同35号院,1,1,南,6,简装,无,41.82,1985,520
北京,朝阳,京通苑,1,1,南,24,精装,有,64.23,2003,319
北京,朝阳,中国铁建国际城,2,1,南 北,6,简装,无,57.8,2011,499
北京,丰台,西罗园南里,2,1,东 西,6,精装,无,67.35,1999,298
北京,通州,西潞苑小区,2,1,南,6,精装,无,57.46,1997,192
北京,通州,京贸家园,2,1,南,18,简装,有,74.94,2010,390
北京,朝阳,朝丰家园,2,1,南 北,18,简装,有,77.47,2009,356
北京,密云,京溪小区,2,2,北 南,6,其他,无,99.24,2004,103
北京,朝阳,甘露园南里,1,1,西南,6,精装,无,42.23,1994,245
北京,朝阳,金都杭城西区,2,2,南 北,19,精装,有,122.36,2006,850
北京,通州,西潞苑小区,2,1,南,6,精装,无,57.46,1997,192
北京,朝阳,京通苑,1,1,南,24,精装,有,64.23,2003,319
北京,石景山,十万坪,2,1,南 北,6,简装,无,58.2,1979,238
北京,通州,格兰晴天,2,1,南 北,9,精装,有,77.55,2004,369
北京,丰台,怡海花园富泽园,2,1,南 北,12,精装,有,88.58,1999,526
北京,石景山,新都丽苑,2,1,南 北,18,简装,有,97.59,2001,474
北京,丰台,政馨园一区,2,1,东 西,10,简装,有,94.04,2003,505
北京,石景山,高能物理研究所,3,1,南 北,6,简装,无,59.59,1982,369
北京,丰台,青塔秀园,2,1,南 北,6,简装,无,58.78,1993,316
北京,昌平,合立方,3,1,东南,21,精装,有,85.39,2010,529
北京,通州,运河园,3,1,西 南 北,6,简装,无,115.89,2001,569
北京,昌平,保利芳园,3,1,东 西北,18,简装,有,58.85,2014,270
北京,朝阳,甘露园南里,1,1,西南,6,精装,无,42.23,1994,245
北京,朝阳,管庄西里,3,1,西南,24,简装,有,110.44,2004,449
北京,朝阳,嘉多丽园,3,1,东 南,25,简装,有,117.01,2002,685
北京,顺义,双裕小区,2,1,南 北,6,简装,无,82.02,1994,285
北京,朝阳,远洋一方新悦二期,2,1,南,17,精装,有,88.81,2012,475
北京,朝阳,工体南路,2,1,东,5,简装,无,50.19,1974,359
北京,东城,兴隆都市馨园,1,1,西,6,精装,无,52.25,2003,549
北京,西城,三塔社区,2,1,南 西 北,6,简装,无,50.5,1978,673
北京,朝阳,石佛营东里128号院,2,1,南,20,精装,有,78.18,2001,518
北京,朝阳,和平街十四区,2,1,南 北,6,精装,无,56.15,1965,409
北京,石景山,海特花园西区,2,1,南 北,6,简装,无,68.11,1994,365
北京,大兴,艺苑桐城,2,1,南,18,精装,有,81.7,2010,375
北京,朝阳,曙光里,2,1,南,6,精装,无,61.11,1993,440
北京,大兴,联港嘉园A区,2,1,东 南 北,15,简装,有,90.25,2012,271
北京,顺义,国兴城,3,1,南 西 北,13,毛坯,有,119.37,2016,570
北京,朝阳,金海国际南区,2,1,南 西 北,23,精装,有,101.99,2005,640
北京,通州,靓景明居,2,1,南 北,12,简装,有,104.5,2006,435
北京,大兴,宏大南园,2,1,南,16,简装,有,88.96,2006,418
北京,通州,K2清水湾,2,1,西,27,简装,有,57.78,2012,269
北京,大兴,宏大中园,2,1,南,16,简装,有,89.67,2006,408
北京,通州,博客园,1,1,东 北,18,精装,有,77.19,2006,268
北京,顺义,水色时光五区,2,1,南 北,11,精装,有,100.98,2009,216
北京,朝阳,劲松四区,2,1,南 北,6,简装,无,59.59,1977,325
北京,昌平,保利紫荆香谷南区,2,1,南,18,简装,有,86.55,2017,426
北京,西城,富国里小区,2,1,南 北,5,简装,无,57.4,1996,930
北京,门头沟,新桥路小区,1,1,东,6,简装,无,48.66,1990,159
北京,昌平,北街家园六区,3,1,东 西,18,精装,有,77.45,2010,392
北京,密云,密云橡树湾东区,2,1,南 北,13,精装,有,88.48,2016,238
北京,西城,平原里小区,2,1,南 北,6,简装,无,67.53,1998,735
北京,朝阳,和平街十三区,1,1,南,9,精装,有,51.71,1994,415
北京,昌平,天通苑北一区,2,1,南 北,12,简装,有,117.21,2004,499
北京,昌平,京投发展公园悦府一区,2,2,南,22,简装,有,81.47,2015,546
北京,朝阳,福润四季B区,2,1,南,21,简装,有,75.23,2014,372
北京,通州,博客园,1,1,东 北,18,精装,有,77.19,2006,268
北京,石景山,永乐西区,2,1,南 北,6,毛坯,无,57.63,1985,277
北京,大兴,宏大中园,2,1,南,16,简装,有,89.67,2006,408
北京,大兴,联港嘉园A区,2,1,东 南 北,15,简装,有,90.25,2012,271
北京,朝阳,农光里,1,1,南,6,简装,无,49.5,1991,279
北京,昌平,天通苑东一区,2,1,南 北,7,精装,无,124.73,2001,459
北京,通州,运乔嘉园,2,1,南 北,11,简装,有,123.1,2003,385
北京,通州,K2清水湾,2,1,西,27,简装,有,57.78,2012,269
北京,通州,新华小区,3,2,南 北,7,简装,无,106.02,1997,368
北京,石景山,西现代城,2,1,西南 北,18,精装,有,93.78,2005,515
北京,朝阳,和平街十五区,2,1,南 北,18,简装,有,65.02,1992,570
北京,石景山,海特花园西区,2,1,南 北,6,简装,无,68.11,1994,365
北京,朝阳,和平街十四区,2,1,南 北,6,精装,无,56.15,1965,409
北京,朝阳,芳园里,2,1,西南,6,简装,无,59.95,1988,330
北京,海淀,建材城西一里,2,1,南 北,6,简装,无,60.8,1987,425
北京,朝阳,芍药居,2,1,南,18,简装,有,58.59,1991,526
北京,朝阳,芳园里,2,1,西南,6,简装,无,50.54,1984,292
北京,亦庄开发区,北京经开壹中心,3,1,南 北,11,简装,有,82.7,2016,544
北京,海淀,西区邮电局,1,1,南,8,精装,有,42.61,2011,393
北京,房山,长阳国际城二区,2,1,南,20,简装,有,81.11,2012,328
北京,通州,玉桥南里,2,1,南 北 东,6,简装,无,65,1994,229
北京,丰台,天伦锦城,2,1,南,20,精装,有,87.3,2007,410
北京,朝阳,劲松四区,2,1,南 北,6,简装,无,59.59,1977,325
北京,大兴,艺苑桐城,2,1,南,18,精装,有,81.7,2010,375
北京,大兴,联港嘉园A区,2,1,东 南 北,15,简装,有,90.25,2012,271
北京,通州,博客园,1,1,东 北,18,精装,有,77.19,2006,268
北京,大兴,宏大南园,2,1,南,16,简装,有,88.96,2006,418
北京,门头沟,新桥路小区,1,1,东,6,简装,无,48.66,1990,159
北京,朝阳,嘉华世纪公寓,1,1,南,18,精装,有,92.47,2003,640
北京,海淀,车公庄西路16号院,3,1,东 南 北,6,精装,无,58.1,1980,605
北京,昌平,新龙城,3,1,南 北,8,精装,有,108.46,2007,703
北京,朝阳,福润四季B区,2,1,南,21,简装,有,75.23,2014,372
北京,海淀,西翠路12号院,2,1,南 北,18,精装,有,64.42,1988,730
北京,石景山,八角北路,3,1,南 北,6,简装,无,68.36,1984,317
北京,昌平,沙河一通小区,2,1,南 北,5,精装,无,65.95,1996,218
北京,朝阳,火星园,2,1,南,27,精装,有,93.55,2011,1288
北京,昌平,融泽嘉园西二路2号院,1,1,南,34,简装,有,65.25,2016,446
北京,朝阳,白家庄东里,2,1,东,6,精装,无,52.61,1979,323
北京,大兴,芳源里,2,1,南 北,10,精装,有,88.45,2010,448
北京,昌平,首开国风美唐二期,2,1,南,20,精装,有,93.92,2014,685
北京,朝阳,华威西里,2,1,西南,18,简装,有,66.68,1998,410
北京,昌平,合立方,3,1,东南,21,精装,有,85.39,2010,529
北京,丰台,青塔秀园,2,1,南 北,6,简装,无,58.78,1993,316
北京,通州,运河园,3,1,西 南 北,6,简装,无,115.89,2001,569
北京,石景山,高能物理研究所,3,1,南 北,6,简装,无,59.59,1982,369
北京,朝阳,芍药居北里,2,1,东南,26,简装,有,94.32,2008,780
北京,朝阳,农光里,1,1,南,6,简装,无,49.5,1991,279
北京,房山,天资华府,3,2,南 北,18,简装,有,118.35,2017,376
北京,昌平,天通苑东一区,2,1,南 北,7,精装,无,124.73,2001,459
北京,朝阳,远洋一方新悦二期,2,1,南,17,精装,有,88.81,2012,475
北京,通州,新华小区,3,2,南 北,7,简装,无,106.02,1997,368
北京,石景山,永乐西区,2,1,南 北,6,毛坯,无,57.63,1985,277
北京,大兴,龙湖时代天街,2,1,东 西,26,精装,有,86.56,2014,307
北京,通州,京贸国际公寓,3,1,东北,29,精装,有,140.23,2004,442
北京,朝阳,南十里居干部院,2,1,南 北,5,精装,无,88.24,1999,520
北京,朝阳,金隅康惠园2号院,2,1,东 西,21,简装,有,77.44,2012,354
北京,东城,王家园胡同35号院,1,1,南,6,简装,无,41.82,1985,520
北京,朝阳,中国铁建国际城,2,1,南 北,6,简装,无,57.8,2011,499
北京,朝阳,天润福熙大道,3,2,东 南 北,26,精装,有,140.66,2016,1399
北京,房山,瑞雪春堂,2,1,南 北,15,精装,有,89.04,2009,279
北京,西城,建功东里,2,1,东,6,简装,无,50.08,1980,545
北京,大兴,清逸西园,2,1,南 北,6,简装,无,79.76,1998,300
北京,丰台,青塔秀园,2,1,南 北,6,简装,无,58.78,1993,316
北京,昌平,合立方,3,1,东南,21,精装,有,85.39,2010,529
北京,丰台,政馨园一区,2,1,东 西,10,简装,有,94.04,2003,505
北京,朝阳,华威西里,2,1,西南,18,简装,有,66.68,1998,410
北京,朝阳,康静里,2,1,南 北,6,简装,无,58,1993,280
北京,海淀,车公庄西路14号院,2,1,南 北,6,精装,无,51.8,1980,625
北京,大兴,龙湖时代天街,2,1,东 西,26,精装,有,86.56,2014,307
北京,通州,运乔嘉园,2,1,南 北,11,简装,有,123.1,2003,385
北京,石景山,西现代城,2,1,西南 北,18,精装,有,93.78,2005,515
北京,通州,馨通家园,2,1,南 北,6,简装,无,96.76,2003,385
北京,朝阳,望花路西里,2,1,东南,21,精装,有,93.96,2001,670
北京,西城,红莲南里,1,1,西北,18,精装,有,46.51,1995,525
北京,房山,碧桂园小区C区,2,1,西南,16,简装,有,86.02,2006,246
北京,丰台,卢西嘉园,2,1,南 北,6,精装,无,80.79,2006,270
北京,石景山,古城南路,3,1,南 北,5,精装,无,77.03,1981,398
北京,朝阳,上元君庭,2,1,西,25,精装,有,108.32,2008,860
北京,朝阳,惠新南里5号院,1,1,南,6,简装,无,45.96,1987,395
北京,丰台,庄维多摩市二期,2,1,东南,21,精装,有,91.76,2004,648
北京,西城,莲花池东路,3,1,东南,16,简装,有,85.9,1987,1080
北京,房山,行宫园三里,3,1,南 北,6,简装,无,87.46,1995,230
北京,朝阳,青年汇佳园,2,2,东南,20,精装,有,93.79,2006,796
北京,朝阳,天居园,2,2,东南 北,32,简装,有,110,2008,725
北京,丰台,翠海明苑,2,1,南 北,6,简装,无,81.21,2006,468
北京,西城,鸭子桥路,2,1,南 北,7,精装,无,69.25,1996,708
北京,房山,金地朗悦朗园,3,2,南 北,9,精装,有,111.76,2013,569
北京,房山,北潞春家园,1,1,西,11,简装,有,66.34,2000,175
北京,丰台,南三环中路,2,1,南 北,16,简装,有,79.32,2004,375
北京,大兴,清逸园,2,1,南 北,6,简装,无,80.05,1998,305
北京,昌平,卢卡新天地,2,1,南 北,18,精装,有,96.32,2014,506
北京,朝阳,晨光家园A区,2,1,西南,28,简装,有,86.15,2000,565
北京,丰台,开阳里一区,2,1,南 北,6,精装,无,52.54,2001,389
北京,丰台,东安街头条,2,1,南 北,5,简装,无,57.56,1980,429
北京,通州,云景西里南区,2,1,南 北,6,简装,无,58.64,1994,230
北京,通州,自然佳境,1,2,南 北,6,简装,无,68.09,2003,246
北京,大兴,一品嘉园,2,2,南 北,6,简装,有,87.67,2010,190
北京,通州,时尚街区东区,1,0,南,19,精装,有,55.85,2007,245
北京,房山,行宫园一里,1,1,南 北,6,简装,无,50,1993,155
北京,西城,西城晶华,2,2,西北,11,精装,有,117.44,2008,1985
北京,通州,京贸国际城,2,2,南 北,32,精装,有,90.68,2011,476
北京,通州,通惠南路,2,1,南 北,5,简装,无,54.75,1979,213
北京,丰台,晓月苑一里,1,1,南 北,6,简装,无,55.74,1997,225
北京,朝阳,福盈家园,2,1,南 北,20,简装,有,71.57,2012,379
北京,朝阳,烟厂宿舍,2,1,南 北,7,精装,无,66.03,1998,349
北京,朝阳,望京花园西区,2,1,西南,24,精装,有,83.48,2000,645
北京,房山,绿地花都苑,2,1,南 北,11,精装,有,88.19,2012,255
北京,朝阳,后现代城B区,2,1,北,14,简装,有,115.95,2004,453
北京,西城,建功东里,2,1,东,6,简装,无,50.08,1980,545
北京,朝阳,苹果派,3,1,南 北,12,精装,有,112.48,2007,715
北京,大兴,海悦公馆,2,1,南 北,18,简装,有,85.94,2014,305
北京,大兴,清逸西园,2,1,南 北,6,简装,无,79.76,1998,300
北京,房山,绿地花都苑,2,1,南 北,11,精装,有,88.19,2012,255
北京,朝阳,福盈家园,2,1,南 北,20,简装,有,71.57,2012,379
北京,朝阳,盛和家园,1,1,北,24,简装,有,67.14,2002,499
北京,西城,月坛南街小四道口,2,1,南 北,6,精装,无,60.18,1994,879
北京,朝阳,中海城香克林,2,1,西,18,精装,有,102.62,2010,648
北京,海淀,碧水云天,3,1,南 北,12,简装,有,146.23,2004,2630
北京,朝阳,福怡苑,1,1,东 北,7,简装,无,62.63,1999,262
北京,昌平,龙博苑二区,2,1,南 北,6,简装,无,79.66,2004,452
北京,顺义,双裕花园西区,2,1,南 北,5,简装,无,111.79,1999,435
北京,西城,西便门东里,2,1,南,14,简装,有,55.55,1980,625
北京,通州,8哩岛,1,1,南,10,简装,有,61.2,2010,260
北京,西城,红莲南里,2,2,南 北,6,精装,无,53.95,1984,620
北京,丰台,晓月苑一里,1,1,南 北,6,简装,无,55.74,1997,225
北京,通州,通惠南路,2,1,南 北,5,简装,无,54.75,1979,213
北京,通州,京贸国际城,2,2,南 北,32,精装,有,90.68,2011,476
北京,丰台,珠光逸景一期,2,1,南 北,6,简装,无,75.41,2013,252
北京,房山,金地朗悦朗园,2,1,南,14,精装,有,80.09,2013,368
北京,丰台,中海苏黎世家,2,2,南 北,11,精装,有,86.11,2012,704
北京,海淀,中海雅园,2,2,东,18,简装,有,122.31,1999,1160
北京,朝阳,八里庄北里小区,2,1,南 北,6,简装,无,56.61,1992,325
北京,房山,昊天嘉园,1,1,北,6,简装,无,51.06,2004,151
北京,丰台,珠江骏景北区,1,1,南,18,简装,有,71.2,2004,508
北京,房山,首创新悦都二区,2,1,南 北,18,精装,有,75.3,2014,322
北京,通州,西潞苑小区,2,1,南 北,6,简装,无,103.61,2003,275
北京,海淀,乐府江南,2,1,东,9,精装,有,96.29,2007,928
北京,丰台,北京方向,2,1,北 西 南,15,精装,有,83.28,2015,535
北京,朝阳,嘉铭园,2,1,南 北,7,简装,无,78.65,1999,770
北京,顺义,龙湖香醍漫步三区,3,2,南 北,6,精装,有,181.74,2009,474
北京,丰台,天伦锦城,2,1,南 北,20,简装,有,101.35,2010,464
北京,通州,时尚街区东区,1,0,南,19,精装,有,55.85,2007,245
北京,顺义,恒华湖公馆,2,1,南,15,精装,有,89.44,2016,270
北京,朝阳,慧谷阳光,1,1,西,9,精装,有,67.27,2004,685
北京,房山,国际花园4号院,3,1,南 北,18,精装,有,89.53,2014,358
北京,昌平,北京北,3,1,南 北,20,精装,有,99.03,2008,618
北京,顺义,双裕小区,2,1,南 北,6,简装,无,58.25,1994,222
北京,房山,行宫园一里,1,1,南 北,6,简装,无,50,1993,155
北京,丰台,左右坊,2,1,南 北,16,简装,有,91,2011,545
北京,海淀,紫竹院南路20号院,2,1,东 西,10,简装,有,61.2,1986,550
北京,房山,康泽佳苑北区,3,1,南 北,30,简装,有,88.09,2015,320
北京,海淀,裕隆新村,2,1,东 南 西,6,精装,无,81.45,2009,715
北京,大兴,锦华园,2,1,南 北,6,简装,无,87.87,2004,319
北京,房山,首开熙悦山熹园1号院,3,1,南 北,9,精装,有,100.74,2013,459
北京,朝阳,金星小区,2,1,南 北,6,简装,无,57.39,1984,256
北京,大兴,郁花园二里,2,1,南 北,6,精装,无,66.88,1999,335
北京,通州,金地格林格林,3,1,南 北 东,18,精装,有,88.74,2015,388
北京,丰台,北京方向,3,1,南 北,19,精装,有,119.53,2015,795
北京,顺义,双裕小区,2,1,南 北,6,精装,无,79.76,1994,305
北京,通州,珠江逸景,2,1,东,14,精装,有,93.22,2010,299
北京,丰台,北京方向,2,1,南,19,精装,有,83.87,2015,558
北京,朝阳,三源里北小街,3,1,西北,16,简装,有,76,1984,525
北京,丰台,西马金润一区,2,1,南 北,6,简装,无,80.62,2000,470
北京,丰台,长馨园,2,1,南,15,精装,有,69.87,2013,218
北京,通州,金隅通和园,2,1,南 北,29,简装,有,87.8,2012,308
北京,怀柔,家天下,3,2,南 北,6,毛坯,无,124.43,2007,339
北京,朝阳,主场,1,1,北,24,简装,有,62.16,2007,538
北京,昌平,保利紫荆香谷南区,2,1,南,18,精装,有,86.8,2017,433
北京,朝阳,胜古南里,2,1,南 北,6,简装,无,58.57,1979,438
北京,房山,北潞华家园,3,2,南 北,11,精装,有,120.84,2006,298
北京,大兴,一品嘉园,2,1,南 北,6,精装,有,86.99,2010,193
北京,房山,长阳半岛2号院,2,1,东 南 北,28,精装,有,88.54,2012,372
北京,石景山,西现代城,2,1,西南 北,18,精装,有,93.78,2005,515
北京,顺义,国兴城,3,1,南 西 北,13,毛坯,有,119.37,2016,570
北京,朝阳,芍药居,2,1,南,18,简装,有,58.59,1991,526
北京,通州,中建雅颂居,2,1,南,22,精装,有,89.39,2012,290
北京,丰台,天伦锦城,2,1,南,20,精装,有,87.3,2007,410
北京,通州,珠江逸景,2,1,南 北,15,精装,有,94.74,2010,295
北京,朝阳,国美第一城2号院,2,1,东,27,精装,有,87.78,2006,635
北京,朝阳,柏林爱乐一期,1,1,西,11,精装,有,67,2002,398
北京,门头沟,惠民家园,2,1,南 北,6,精装,无,66.08,2010,266
北京,房山,绿地花都苑,3,2,南 北,12,精装,有,115.28,2012,370
北京,朝阳,鼓楼外大街,2,1,南 北,6,精装,无,65.96,1991,565
北京,海淀,和泓四季,2,1,南 北,8,简装,有,81.28,2016,743
北京,朝阳,通惠家园,3,1,东南,29,精装,有,108.03,2001,597
北京,海淀,汇新家园,2,1,西南,16,精装,有,84.86,2002,1240
北京,海淀,新康园,2,1,北,24,精装,有,91.19,2004,508
北京,朝阳,惠新北里2号院,3,1,东 西,6,精装,无,55.74,1984,415
北京,密云,通用博园,2,1,南 北,9,简装,有,71.57,2016,199
北京,大兴,金融街融汇,3,2,南 西 北,21,精装,有,123,2014,515
北京,海淀,定慧北里,3,1,南 北,6,简装,无,82.44,1996,780
北京,海淀,定慧北里,2,1,南 北,6,精装,无,60.9,1994,560
北京,海淀,复兴路46号院,2,1,东 西,6,简装,无,65.12,1988,745
北京,大兴,众美城,3,2,南 北,10,简装,有,90.01,2014,245
北京,房山,绿地花都苑,3,2,南 北,12,精装,有,115.28,2012,370
北京,朝阳,胜古北里 ,2,1,南,6,简装,无,52.36,1994,435
北京,昌平,北街家园五区,2,1,南,16,精装,有,72.35,2014,378
北京,海淀,后白堆子,3,1,南 西 北,6,简装,无,77.6,1989,910
北京,朝阳,鼓楼外大街,2,1,南 北,6,精装,无,65.96,1991,565
北京,朝阳,柏林爱乐一期,1,1,西,11,精装,有,67,2002,398
北京,海淀,和泓四季,2,1,南 北,8,简装,有,81.28,2016,743
北京,朝阳,长楹天街东区,3,2,南 北,18,简装,有,141.37,2013,1016
北京,丰台,广安q康馨家园,2,1,南 北,34,简装,有,77.14,2015,362
北京,大兴,庑殿家苑B区,2,1,南 北,17,精装,有,86.59,2015,349
北京,海淀,阜成路北三街7号院,3,1,西南,16,精装,有,78.36,1990,1060
北京,门头沟,惠民家园,2,1,南 北,6,精装,无,66.08,2010,266
北京,通州,新海北里,2,2,南 北,6,精装,无,72.55,2006,246
北京,海淀,西山洋房,2,1,东 南 北,6,精装,有,91.3,2009,729
北京,海淀,稻香园西里,2,1,东 西,6,简装,无,68.56,2003,730
北京,海淀,新康园,2,1,北,24,精装,有,91.19,2004,508
北京,海淀,阜成路北三街7号院,3,1,西南,16,精装,有,78.36,1990,1060
北京,丰台,广安q康馨家园,2,1,南 北,34,简装,有,77.14,2015,362
北京,昌平,北街家园五区,2,1,南,16,精装,有,72.35,2014,378
北京,海淀,后白堆子,3,1,南 西 北,6,简装,无,77.6,1989,910
北京,朝阳,通惠家园,3,1,东南,29,精装,有,108.03,2001,597
北京,昌平,保利罗谷小区,2,1,南,29,简装,有,80.27,2016,369
北京,朝阳,天润福熙大道,3,2,南 北,26,精装,有,140.24,2016,1360
北京,东城,新景家园东区,1,1,南,17,简装,有,59.33,2004,699
北京,大兴,理想家园,2,1,南 北,25,精装,有,68.81,2013,282
北京,朝阳,壹线国际,2,1,南 北,9,简装,有,113.36,2006,640
北京,西城,新街口西里一区,2,1,东,7,精装,无,59.86,2005,780
北京,朝阳,农光东里,2,1,东北,18,简装,有,49.93,1994,315
北京,丰台,风荷曲苑,2,2,东北,20,精装,有,96.71,2004,820
北京,石景山,地铁古城家园,3,1,南,24,简装,有,114.57,2014,510
北京,朝阳,后现代城C区,2,1,南 西,28,精装,有,78.39,2007,568
北京,海淀,兰德华庭,3,1,南 北,13,精装,有,131.91,2005,1180
北京,通州,果园西小区,2,1,南 北,7,简装,无,83.34,2002,315
北京,西城,鸭子桥北里,2,1,东 西,5,精装,无,53.68,1979,550
北京,丰台,苗圃东里,2,1,西南,22,精装,有,65.88,1997,370
北京,朝阳,电子城小区,2,1,东南,24,精装,有,94.97,2004,545
北京,通州,京贸国际城,3,1,南 北,35,简装,有,140.6,2015,768
北京,昌平,天通苑东二区,2,1,南 北,7,精装,无,112.52,2001,410
北京,西城,木樨地,2,1,东南,17,精装,有,61.3,1992,895
北京,朝阳,金港国际,2,2,南 北,7,简装,有,115.37,2005,1059
北京,大兴,富强东里,2,1,南 北,5,简装,无,54.83,1986,185
北京,朝阳,国美第一城3号院,2,2,南,27,精装,有,101.95,2007,709
北京,顺义,金汉绿港三区,3,1,南 北,18,精装,有,95.12,2009,358
北京,海淀,德胜门西大街甲5号,2,1,东南 南,12,简装,有,78.1,1998,758
北京,朝阳,农光东里,2,1,东北,18,简装,有,49.93,1994,315
北京,大兴,富强东里,2,1,南 北,5,简装,无,54.83,1986,185
北京,大兴,兴海家园月苑,2,1,南 北,6,精装,无,78.08,2006,413
北京,朝阳,柏林爱乐三期,2,1,西,11,精装,有,66.64,2007,419
北京,昌平,天通苑东一区,2,1,南 北,7,简装,无,76.3,2001,399
北京,昌平,北城根小区,2,1,南 北,6,精装,无,68.07,1994,245
北京,房山,首创新悦都二区,3,1,南 西 北,18,简装,有,88.17,2014,372
北京,朝阳,阳光100,2,1,东 南 北,33,精装,有,104.96,2001,848
北京,朝阳,天畅园,2,1,东南,32,精装,有,104.27,2008,680
北京,密云,麓秀佳园,2,1,南 北,5,精装,None,91.48,2006,113
北京,朝阳,首开畅心园,2,1,东,29,精装,有,70.27,2010,312
北京,昌平,南辛路7号院,2,1,南 北,5,简装,无,70.15,1998,149
北京,房山,碧桂园小区二区,3,1,南 北,6,精装,无,117.62,2005,278
北京,昌平,龙禧苑二区,4,1,南 北,6,精装,无,166.75,2004,685
北京,朝阳,后现代城C区,2,1,南 西,28,精装,有,78.39,2007,568
北京,朝阳,电子城小区,2,1,东南,24,精装,有,94.97,2004,545
北京,通州,果园西小区,2,1,南 北,7,简装,无,83.34,2002,315
北京,朝阳,壹线国际,2,1,南 北,9,简装,有,113.36,2006,640
北京,石景山,地铁古城家园,3,1,南,24,简装,有,114.57,2014,510
北京,通州,京贸国际城,3,1,南 北,35,简装,有,140.6,2015,768
北京,昌平,天通苑东二区,2,1,东 南 北,19,简装,有,100.88,2001,409
北京,昌平,建安里小区,2,1,东北,6,精装,无,60.2,1992,222
北京,房山,芭蕾雨悦都北区,3,1,南 北,8,精装,有,87.29,2012,395
北京,顺义,仓上小区,3,1,南 北,6,精装,无,79.93,1992,255
北京,石景山,模式口西里,2,1,南,16,简装,有,60.3,1987,243
北京,西城,荣丰2008,1,1,南,10,简装,有,35.77,2005,509
北京,朝阳,北苑家园茉藜园,2,1,西南,25,精装,有,110.93,2003,615
北京,房山,嘉瑞通小区,2,1,西南,15,简装,有,83.08,2006,225
北京,丰台,山语城一区,3,1,南 北,6,简装,有,117.36,2012,445
北京,朝阳,凤凰城三期,1,1,东 西,31,简装,有,83.81,2006,999
北京,海淀,美丽西园,3,1,西南,10,简装,有,87.18,2001,745
北京,昌平,溪城家园,2,1,南 北,15,简装,有,81.9,2010,418
北京,朝阳,国美第一城3号院,2,1,南 北,27,精装,有,95.75,2007,682
北京,昌平,天通西苑三区,2,1,南,32,简装,有,113.58,2003,453
北京,昌平,万润家园,3,1,南,12,精装,有,129.03,2003,415
北京,通州,合生世界村,2,1,南 北,14,简装,有,91.49,2011,290
北京,石景山,远洋山水,1,1,西,27,精装,有,64.18,2007,395
北京,大兴,盛嘉华苑,2,1,南 北,15,简装,有,77.43,2012,259
北京,大兴,兴海家园月苑,2,1,南 北,5,精装,无,76.41,2006,376
北京,昌平,溪城家园,2,1,南 北,15,简装,有,81.88,2010,435
北京,通州,富力惠兰美居,2,1,南,28,精装,有,68.57,2016,238
北京,通州,珠江拉维小镇,2,1,南,10,精装,有,97.16,2011,385
北京,石景山,八宝山南路29号院,2,1,南 北,6,精装,无,48.4,1990,240
北京,朝阳,中广宜景湾,2,2,西南,26,精装,有,104.21,2008,906
北京,昌平,龙跃苑东二区,3,1,南 北,6,毛坯,无,124.31,2007,533
北京,顺义,裕龙三区,2,1,南 北,18,简装,有,93.54,2009,348
北京,朝阳,朝阳门南大街,2,2,东 北,20,精装,有,61.6,1984,515
北京,海淀,莲花小区,2,2,西南,28,简装,有,112,1999,785
北京,丰台,宝汇苑,2,1,南,24,简装,有,80.27,1999,462
北京,昌平,天通苑北二区,2,2,南,17,精装,有,119.8,2005,529.5
北京,朝阳,花家地小区,2,1,南 北,6,精装,无,55.51,1993,450
北京,朝阳,花家地南里,2,1,南 北,6,简装,无,59.45,1991,448
北京,石景山,金福苑,2,1,东 西,7,精装,无,66.14,1996,288
北京,海淀,绿谷雅园,2,2,南 北,5,简装,无,103.57,2008,650
北京,通州,K2清水湾嘉园,3,1,南 西 北,17,简装,有,86.81,2013,290
北京,昌平,天通苑三区,3,1,南 北,6,精装,无,165.66,1999,470
北京,海淀,复兴路79号院,2,1,南 北,6,简装,无,50.8,1985,478
北京,朝阳,世华泊郡,3,2,南 北,25,简装,有,121.85,2012,1099
北京,石景山,八角北路,2,1,南 北,6,简装,无,53.97,1984,235
北京,朝阳,富力又一城C区,2,2,南,21,精装,有,89.65,2010,560
北京,石景山,模式口中里,2,2,东南 西北,3,简装,无,101.92,1992,400
北京,石景山,重兴嘉园,2,1,东南 北,22,精装,有,90.16,2005,499
北京,朝阳,团结湖北二条,2,1,南,6,简装,无,54.75,1981,380
北京,朝阳,农光里,3,1,东北,18,简装,有,78.7,1995,455
北京,大兴,枣园东里,2,1,南 北,6,简装,无,77.1,1997,265
北京,海淀,宝盛里,2,1,南 北,9,精装,无,76.9,2001,577
北京,朝阳,汇鸿家园,3,1,东 北,9,简装,有,93.5,2005,402
北京,大兴,华远和墅,2,1,西南,6,精装,无,73.23,2015,156
北京,石景山,聚兴园,2,1,南 北,17,简装,有,91.95,2006,519
北京,房山,北京城建琨廷南区,3,2,南 北,5,精装,有,143.94,2015,318
北京,石景山,杨庄北区,2,1,南,20,精装,有,72.88,2001,409
北京,房山,瑞雪春堂,2,1,南,15,精装,有,88.12,2011,269
北京,大兴,兴海家园月苑,2,1,南 北,5,精装,无,76.41,2006,376
北京,大兴,盛嘉华苑,2,1,南 北,15,简装,有,77.43,2012,259
北京,石景山,远洋山水,1,1,西,27,精装,有,64.18,2007,395
北京,顺义,双裕小区,2,1,南 北,6,简装,无,72.1,1994,250
北京,顺义,顺兴街17号院,2,1,南 北,28,精装,有,59.99,2013,175
北京,房山,四合巷小区,3,1,南 北,6,简装,无,80.24,1990,193
北京,朝阳,红松园1号院,2,1,南,6,简装,无,53.21,1986,235
北京,房山,首开熙悦山澜庭,2,1,南 北,21,精装,有,74.84,2014,309
北京,海淀,志新北里,3,1,南 北,6,简装,无,86.7,1995,839.9
北京,大兴,明春西园,2,1,南 北,6,简装,无,60.7,1995,195
北京,海淀,海淀路小区,2,1,南 北,5,精装,无,48.7,1975,515
北京,昌平,嘉诚花园二期,2,1,南 西北,7,精装,无,91.94,2003,439
北京,朝阳,兴隆家园,2,1,南,24,简装,有,88.12,2001,496
北京,大兴,育新花园南里,2,1,南 北,15,精装,有,87.35,2013,182
北京,昌平,龙跃苑东二区,3,1,南 北,6,毛坯,无,124.31,2007,533
北京,朝阳,朝阳新城四区,3,1,南 北,22,简装,有,108.57,2015,565
北京,大兴,首邑溪谷,2,1,东 西,16,精装,有,47.07,2012,269
北京,大兴,隆盛园,2,1,南 北,4,精装,无,88.56,2002,209
北京,顺义,裕龙三区,2,1,南 北,18,简装,有,93.54,2009,348
北京,朝阳,九龙花园,2,1,西南,22,精装,有,104.4,2001,659
北京,通州,运乔嘉园,2,1,东 西,11,精装,有,123.71,2003,389
北京,朝阳,晨光家园A区,2,1,西南,30,简装,有,82.58,2001,545
北京,朝阳,卡布其诺,2,1,南 北,9,精装,有,78.84,2005,666
北京,朝阳,双惠小区,2,1,南 北,6,精装,无,80.34,2004,385
北京,通州,泰晤士印象,3,2,南 北,14,精装,有,102.59,2016,225
北京,房山,瑞雪春堂,2,1,南,15,精装,有,88.12,2011,269
北京,石景山,杨庄北区,2,1,南,20,精装,有,72.88,2001,409
北京,丰台,汤泉墅,3,1,南 北,6,精装,有,94.45,2013,364
北京,海淀,新华书店家属院,2,1,南,5,简装,无,52.61,1980,557
北京,西城,陶然亭路,2,1,南 北,6,简装,无,58.75,1992,716
北京,朝阳,富力阳光美园,1,1,南,27,精装,有,68.62,2010,399
北京,丰台,顶秀欣园东苑,2,1,东,21,精装,有,80.46,2006,519
北京,大兴,恒盛波尔多小镇北区,2,1,南,8,精装,有,65.06,2012,165
北京,密云,涧桥山,2,2,南 北,18,精装,None,83.26,2013,190
北京,朝阳,九龙花园,2,1,西南,22,精装,有,104.4,2001,659
北京,通州,运乔嘉园,2,1,东 西,11,精装,有,123.71,2003,389
北京,西城,阜成门外北街,2,1,西南,5,精装,无,46.4,1965,630
北京,通州,金地格林格林,2,1,南,18,精装,有,75.83,2013,312
北京,通州,新华联锦园,2,1,南 北,6,精装,无,84.39,2003,366
北京,朝阳,畅清园,2,2,南 北,6,精装,无,82.53,2001,598
北京,通州,翠福园,2,1,南 北,6,精装,无,86.74,2005,308
北京,丰台,西罗园四区,2,1,西南,22,精装,有,61.44,1989,328
北京,朝阳,汇鸿家园,2,1,东南,9,简装,有,70.88,2005,380
北京,朝阳,望兴居,3,2,南 北,7,精装,无,134.63,2000,875
北京,朝阳,劲松五区,2,1,南,6,简装,无,52.85,1980,328
北京,朝阳,农光东里,1,1,南,6,精装,无,38.36,1991,253
北京,西城,荣丰2008,1,1,南,10,简装,有,35.77,2005,509
北京,朝阳,北苑家园茉藜园,2,1,西南,25,精装,有,110.93,2003,615
北京,东城,和平里一区,2,1,南 北,11,精装,有,60.79,1990,792
北京,丰台,山语城一区,3,1,南 北,6,简装,有,117.36,2012,445
北京,朝阳,凤凰城三期,1,1,东 西,31,简装,有,83.81,2006,999
北京,通州,方恒东景,2,1,南,29,简装,有,84.55,2013,329
北京,房山,嘉瑞通小区,2,1,西南,15,简装,有,83.08,2006,225
北京,海淀,志强北园,1,1,东,6,精装,无,45.5,1996,469
北京,海淀,上林溪,2,2,南 北,9,精装,有,109.45,2012,1038
北京,通州,金隅七零九零,2,1,南 北,15,精装,有,88.5,2008,358
北京,房山,北京城建琨廷北区,2,1,南 北,15,精装,有,88.5,2014,180
北京,海淀,诚品建筑,2,2,东 西,9,精装,有,120.32,2003,1310
北京,朝阳,望京西园一区,1,1,东南,18,精装,有,74.2,2001,523
北京,西城,平原里小区,3,2,南 北,6,简装,无,90.52,1998,925
北京,丰台,慧时欣园一期,2,1,南,25,精装,有,91.24,2001,530
北京,顺义,空港吉祥花园,2,1,南 北,8,精装,有,89.94,2007,388
北京,丰台,莲怡园北路1号院,2,1,东 西,6,简装,无,72.59,1999,412
北京,朝阳,望京新城,2,1,南,27,精装,有,99.7,1997,660
北京,大兴,保利春天里,2,1,南,25,简装,有,85.58,2014,355
北京,大兴,滨河西里南区,2,1,南 北,6,简装,无,52.7,1993,209
北京,大兴,新里西斯莱公馆,2,1,南 北,12,精装,有,97.25,2012,583
北京,朝阳,东大桥路,2,1,南 东,18,精装,有,61.79,1991,545
北京,朝阳,朝阳新城一区,2,1,西南,5,精装,无,97.85,2004,479
北京,顺义,东兴一区,2,1,北 南,6,精装,无,93.08,1995,325
北京,朝阳,劲松南路,1,1,南,18,简装,有,50.52,1995,292
北京,通州,东营前街,2,1,东南,6,简装,无,53.81,1986,175
北京,顺义,顺兴街17号院,2,1,南 北,28,精装,有,59.99,2013,175
北京,朝阳,兴隆家园,2,1,南,24,简装,有,88.12,2001,496
北京,昌平,嘉诚花园二期,2,1,南 西北,7,精装,无,91.94,2003,439
北京,朝阳,金隅丽景园,2,1,南 北,28,精装,有,59.42,2009,368
北京,顺义,双裕小区,2,1,南 北,6,简装,无,72.1,1994,250
北京,海淀,海淀路小区,2,1,南 北,5,精装,无,48.7,1975,515
北京,朝阳,富东嘉园,2,1,南 北,5,精装,无,91.7,2004,459
北京,朝阳,首都机场南路西里,2,1,南 北,5,精装,无,55.02,1970,167
北京,朝阳,望京新城,2,1,南,27,精装,有,99.7,1997,660
北京,大兴,保利春天里,2,1,南,25,简装,有,85.58,2014,355
北京,丰台,莲怡园北路1号院,2,1,东 西,6,简装,无,72.59,1999,412
北京,石景山,海特花园西区,2,1,南 北,7,精装,无,75.19,1998,399
北京,朝阳,金港国际,2,2,南 北,7,简装,有,115.37,2005,1059
北京,昌平,天通苑东一区,2,1,南 北,7,精装,无,88.95,2001,400
北京,西城,新街口西里一区,2,1,东,7,精装,无,59.86,2005,780
北京,朝阳,管庄西里,3,1,西北,24,精装,有,106.06,2002,406
北京,门头沟,永新小区,2,1,南 北,6,简装,无,61.2,1993,176
北京,朝阳,华严北里小区,1,1,南 北,6,简装,无,48.69,1989,395
北京,通州,京贸国际城,2,1,南,40,精装,有,79.96,2013,459
北京,昌平,旗胜家园,2,1,南 北,11,简装,有,87.39,2009,445
北京,朝阳,华威北里,2,1,东南,19,精装,有,62.87,1993,348
北京,昌平,华龙苑南里,2,1,南 北,6,精装,无,71.28,1995,389
北京,丰台,杏林园,3,1,东南,18,简装,有,110.57,1998,608
北京,大兴,鸿坤理想城大满贯,1,1,西南,18,精装,有,69.92,2011,320
北京,门头沟,门头沟月季园,2,1,南 北,6,简装,无,63.02,1992,176
北京,朝阳,北苑家园茉藜园,2,1,西南 北,26,精装,有,104.07,2005,597
北京,朝阳,金隅康惠园3号院,1,1,西北,20,简装,有,61.21,2012,271
北京,昌平,天通苑北三区,2,1,南 北,7,精装,无,112.22,2003,485
北京,海淀,黄亭子小区,1,1,南,6,简装,无,39.1,1984,480
北京,大兴,育新花园南里,2,1,南 北,15,精装,有,87.35,2013,182
北京,朝阳,汇鸿家园,3,1,东 北,9,简装,有,93.5,2005,402
北京,石景山,聚兴园,2,1,南 北,17,简装,有,91.95,2006,519
北京,海淀,宝盛里,2,1,南 北,9,精装,无,76.9,2001,577
北京,房山,首开熙悦山澜庭,2,1,南 北,21,精装,有,74.84,2014,309
北京,海淀,志新北里,3,1,南 北,6,简装,无,86.7,1995,839.9
北京,朝阳,双惠小区,2,1,南 北,6,精装,无,80.34,2004,385
北京,通州,泰晤士印象,3,2,南 北,14,精装,有,102.59,2016,225
北京,昌平,天通苑三区,3,1,南 北,6,精装,无,165.66,1999,470
北京,通州,K2清水湾嘉园,3,1,南 西 北,17,简装,有,86.81,2013,290
北京,朝阳,富力又一城C区,2,2,南,21,精装,有,89.65,2010,560
北京,石景山,模式口中里,2,2,东南 西北,3,简装,无,101.92,1992,400
北京,石景山,重兴嘉园,2,1,东南 北,22,精装,有,90.16,2005,499
北京,房山,万科幸福汇,2,1,南 北,15,简装,有,83.34,2012,187
北京,朝阳,华纺星海家园,2,1,西北,28,精装,有,66.16,2014,319
北京,朝阳,国美第一城2号院,2,1,东,27,精装,有,87.78,2006,609
北京,朝阳,百环家园,3,2,南,28,精装,有,125.55,2005,805
北京,石景山,杨庄北区,2,1,西,16,精装,有,81.35,2000,420
北京,昌平,新龙城,3,1,南 北,15,简装,有,111.8,2007,678
北京,朝阳,松榆西里,3,1,东 西 北,6,简装,无,76.86,1996,425
北京,西城,安德东里,2,2,南,5,精装,无,51,1970,848
北京,朝阳,远洋一方林语苑,2,1,南,11,精装,有,88.94,2009,490
北京,昌平,流星花园三区,2,2,南 北,11,精装,有,99.78,2008,575
北京,朝阳,周庄嘉园东里B区,2,2,南 北,6,精装,无,82.54,2002,543
北京,通州,合生世界村,2,1,南 北,14,简装,有,91.49,2011,290
北京,大兴,金融街融汇,2,1,南 北,26,精装,有,73.58,2014,299
北京,丰台,彩虹城四区,2,1,东北,22,简装,有,64.67,2005,412
北京,丰台,六营门小区,3,1,南 北,6,简装,无,73.1,1986,388
北京,房山,万科幸福汇,3,1,南 北,12,精装,有,96.17,2016,200
北京,昌平,霍营小区,2,1,南 北,6,简装,无,60.27,1994,366
北京,昌平,京科苑,2,2,南 北,6,精装,无,67.06,1993,269
北京,海淀,知春嘉园,2,1,东南,19,精装,有,78.8,1998,765
北京,石景山,八大处整形医院家属楼,3,2,南 北,5,精装,无,99.07,2000,520
北京,朝阳,澳林春天一期,2,1,南 北,6,精装,无,56.59,2000,452
北京,通州,富力惠兰美居,2,1,南,28,精装,有,68.57,2016,238
北京,朝阳,富力阳光美园,1,1,南,27,精装,有,68.62,2010,399
北京,丰台,顶秀欣园东苑,2,1,东,21,精装,有,80.46,2006,519
北京,朝阳,九龙花园,2,1,西南,22,精装,有,104.4,2001,659
北京,通州,运乔嘉园,2,1,东 西,11,精装,有,123.71,2003,389
北京,西城,阜成门外北街,2,1,西南,5,精装,无,46.4,1965,630
北京,大兴,恒盛波尔多小镇北区,2,1,南,8,精装,有,65.06,2012,165
北京,丰台,万科中粮假日风景,3,2,南 北,15,简装,有,121.83,2008,920
北京,丰台,三环新城8号院,2,1,南 北,22,精装,有,106.1,2007,639
北京,朝阳,北京新天地五期,1,1,东,28,精装,有,64.97,2011,408
北京,朝阳,裕民路4号院,3,1,南 北,6,精装,无,69.78,1982,660
北京,丰台,彩虹城四区,2,1,东北,22,简装,有,64.67,2005,412
北京,石景山,重兴嘉园,2,1,东南 北,22,精装,有,90.16,2005,499
北京,朝阳,百环家园,3,2,南,28,精装,有,125.55,2005,805
北京,石景山,八角北路,2,1,南 北,6,简装,无,53.97,1984,235
北京,通州,新通国际花园,1,1,西南 北,28,精装,有,71.02,2009,300
北京,昌平,天通苑三区,3,1,南 北,6,精装,无,165.66,1999,470
北京,顺义,石园北区,2,2,南 北,6,简装,无,84.03,1999,258
北京,大兴,中南湾,2,1,南 北,15,精装,有,99.68,2011,528
北京,通州,果园西小区,2,1,南 北,7,简装,无,83.34,2002,315
北京,房山,碧桂园小区二区,3,1,南 北,6,精装,无,117.62,2005,278
北京,朝阳,芍药居北里,2,1,东南,24,精装,有,81.87,1998,620
北京,通州,玉桥北里,2,1,南 北,6,简装,无,58.98,1990,225
北京,朝阳,沿海赛洛城三期,2,1,东南,8,简装,有,95.22,2007,688
北京,朝阳,天之骄子,3,2,南 北,7,精装,有,140.56,2006,1225
北京,丰台,角门东里,2,1,西北,6,简装,无,51.1,1994,237
北京,昌平,天通苑四区,2,1,东 南 北,6,简装,无,79.11,2000,390
北京,朝阳,国美第一城2号院,2,1,东,27,精装,有,87.78,2006,609
北京,西城,马连道中里,3,1,南,18,简装,有,77.18,1995,860
北京,西城,丽水莲花,2,1,西,28,精装,有,90.03,2007,999
北京,丰台,马家堡路29号院,3,1,南 北,6,精装,无,66,1989,388
北京,大兴,枣园东里,2,1,南 北,6,简装,无,77.1,1997,265
北京,朝阳,农光里,3,1,东北,18,简装,有,78.7,1995,455
北京,朝阳,百环家园,3,2,南,28,精装,有,125.55,2005,805
北京,朝阳,华纺星海家园,2,1,西北,28,精装,有,66.16,2014,319
北京,房山,万科幸福汇,2,1,南 北,15,简装,有,83.34,2012,187
北京,石景山,杨庄北区,2,1,西,16,精装,有,81.35,2000,420
北京,大兴,观音寺小区,3,1,东 南 北,6,简装,无,98.07,1999,297
北京,海淀,甘家口小区,2,1,南,9,精装,有,63.2,1997,660
北京,朝阳,双合家园,2,1,南,22,精装,有,86.48,2013,368
北京,通州,梨园小镇,1,1,东,15,简装,有,69.2,2005,325
北京,顺义,石园北区,2,2,南 北,6,简装,无,84.03,1999,258
北京,朝阳,双合家园,2,1,南,22,精装,有,86.48,2013,368
北京,顺义,石园北区,2,2,南 北,6,简装,无,84.03,1999,258
北京,丰台,顶秀金石家园,2,2,南 北,20,简装,有,91.15,2015,510
北京,大兴,观音寺小区,3,1,东 南 北,6,简装,无,98.07,1999,297
北京,海淀,甘家口小区,2,1,南,9,精装,有,63.2,1997,660
北京,房山,天恒乐活城,3,1,西南,18,精装,有,87.86,2010,234
北京,朝阳,东土城路7号院,2,1,南 北,16,简装,有,67.8,1993,568
北京,海淀,田村半壁店90号院,2,1,南 北,6,精装,无,59.8,1989,436
北京,朝阳,通惠家园,2,1,东北,29,精装,有,89.6,2001,509
北京,朝阳,世桥国贸,3,2,南,12,精装,有,226.77,2003,1550
北京,房山,瑞雪春堂,2,1,南 北,15,简装,有,83.87,2009,259
北京,房山,北京城建琨廷南区,3,2,南 北,9,精装,有,117.52,2015,238
北京,东城,中海紫御公馆,1,1,西北,17,精装,有,67.71,2010,777
北京,朝阳,珠江罗马嘉园东区,3,2,南,22,简装,有,165.44,2009,1298
北京,西城,铁二区,3,1,东 西北,18,精装,有,78.1,1991,1110
北京,大兴,中南湾,2,1,南 北,15,精装,有,99.68,2011,528
北京,丰台,万科中粮假日风景,3,2,南 北,15,简装,有,121.83,2008,920
北京,石景山,永乐东区,2,1,南 北,6,简装,无,58.64,1987,307
北京,丰台,芳城园二区,2,1,西南 东北,25,精装,有,71.9,1990,460
北京,石景山,北重西厂,2,1,南 北,6,精装,无,62.66,1994,328
北京,石景山,金隅滨和园6号院,2,1,南,31,简装,有,73.97,2013,315
北京,丰台,晨新园,2,2,南 北,6,简装,无,76.24,1998,520
北京,朝阳,富东嘉园,2,1,南,12,简装,有,108.14,2004,536
北京,朝阳,光熙门北里,2,1,西 北,16,精装,有,70.82,1987,560
北京,石景山,北重西厂,2,1,南 北,6,精装,无,62.66,1994,328
北京,东城,禄米仓胡同,2,1,南 北,6,精装,无,52.03,1981,638
北京,通州,云景里南大门,2,1,南 北,6,精装,无,85.47,2003,315
北京,石景山,金隅滨和园7号院,1,1,南,31,精装,有,58.27,2014,208
北京,通州,时尚街区西区,2,1,西南,20,简装,有,78.23,2003,295
北京,海淀,自由度,1,1,东,8,简装,有,80.03,2002,610
北京,房山,天恒乐活城南区,3,1,南 北,9,精装,有,86.79,2014,225
北京,丰台,春园,2,1,东南,18,精装,有,100.3,2001,503
北京,密云,密云橡树湾西区,3,2,南 北,20,精装,None,108.64,2017,265
北京,房山,苏庄东街,1,1,东 西,6,简装,无,58.46,2002,169
北京,朝阳,石佛营西里小区,3,1,南 北,6,精装,无,73.24,1994,450
北京,朝阳,东平里,2,1,南,11,其他,有,65.99,1986,200
北京,朝阳,首开常青藤四期,2,1,南 北,6,精装,有,83.26,2013,689
北京,朝阳,石佛营西里小区,2,1,南 北,6,简装,无,58.23,1994,380
北京,朝阳,城锦苑,2,1,南,27,简装,有,91.93,2014,618
北京,朝阳,顺源里,2,1,南,6,简装,无,49.55,1980,368
北京,西城,白云观,2,1,南 北,5,简装,无,49,1976,770
北京,朝阳,金隅康惠园2号院,2,1,南,20,毛坯,有,76.06,2010,359
北京,石景山,金隅滨和园6号院,2,1,南,31,简装,有,73.97,2013,315
北京,朝阳,芍药居北里,2,1,东南 西,14,简装,有,66.76,1998,582
北京,顺义,三山新新家园,2,1,南 北,6,简装,None,97.41,2004,345
北京,门头沟,梧桐苑清露园,2,1,南,28,精装,有,85.5,2013,368
北京,西城,铁二区,3,1,东 西北,18,精装,有,78.1,1991,1110
北京,丰台,红狮家园,2,1,南 北,18,简装,有,88.92,2010,516
北京,通州,珠江拉维小镇,2,1,南 北,10,精装,有,93.73,2012,368
北京,密云,密云橡树湾西区,3,2,南 北,20,精装,None,108.64,2017,265
北京,房山,苏庄东街,1,1,东 西,6,简装,无,58.46,2002,169
北京,昌平,南厂北区,2,1,南,6,简装,None,51.6,1980,106
北京,房山,昊腾家园,2,2,南 北,6,精装,无,99.32,2005,139
北京,石景山,鲁谷路74号院,2,1,南 北,6,精装,无,63.58,1987,378
北京,大兴,金融街融汇,2,1,东 南,26,精装,有,69.21,2014,284
北京,顺义,空港吉祥花园,3,1,南 北,11,精装,有,94.66,2007,468
北京,石景山,苹果园小区四区,2,1,南,5,其他,无,44.35,1979,219
北京,朝阳,双合家园,2,1,东南,22,精装,有,85.15,2013,368
北京,朝阳,建东苑,2,1,南 北,6,简装,无,87.84,2002,412
北京,房山,首创紫悦台,3,1,南 北,16,精装,有,95.46,2017,418
北京,海淀,田村路19号院,2,1,南 北,6,简装,无,64.09,2001,483
北京,朝阳,富力又一城A区,2,1,南,22,精装,有,90.88,2007,510
北京,海淀,六建,3,1,南 北,14,简装,有,76,1986,700
北京,朝阳,北苑家园绣菊园,2,1,南,25,简装,有,81.31,1999,452
北京,石景山,永乐西区,2,1,南 北,6,简装,无,58.27,1986,279
北京,石景山,老山东里,2,1,南 北,6,简装,无,74.67,1999,412
北京,海淀,生态园,2,1,南,6,简装,无,61,1987,525
北京,房山,燕化星城北里,2,1,南 北,6,简装,无,114.08,2003,187
北京,丰台,方庄南路18号院,2,1,西北,18,简装,有,86.66,2012,429
北京,石景山,金顶街五区,2,1,东南,24,简装,有,93.22,2003,463
北京,门头沟,惠民家园,2,1,南,19,简装,有,63.6,2012,208
北京,石景山,五芳园,2,1,南 北,6,精装,无,65.8,1993,289
北京,房山,北京城建琨廷南区,3,2,南 北,9,精装,有,117.52,2015,238
北京,朝阳,光熙门北里,2,1,西 北,16,精装,有,70.82,1987,560
北京,顺义,三山新新家园,2,1,南 北,6,简装,None,97.41,2004,345
北京,石景山,金隅滨和园1号院,2,1,南,23,精装,有,66.69,2014,212
北京,朝阳,北苑家园绣菊园南区,2,1,南 西北,25,精装,有,103.3,2005,552
北京,朝阳,珠江罗马嘉园东区,3,2,南,22,简装,有,165.44,2009,1298
北京,石景山,永乐西区,2,1,东 西 北,6,精装,无,62.59,1989,257
北京,东城,新景家园东区,1,1,南,12,精装,有,60.75,2004,710
北京,朝阳,惠新南里2号院,2,1,南,14,精装,有,58.59,1989,522
北京,丰台,晨新园,2,2,南 北,6,简装,无,76.24,1998,520
北京,朝阳,金隅康惠园2号院,2,1,南,20,毛坯,有,76.06,2010,359
北京,石景山,金隅滨和园7号院,1,1,南,31,精装,有,58.27,2014,208
北京,门头沟,梧桐苑清露园,2,1,南,28,精装,有,85.5,2013,368
北京,丰台,红狮家园,2,1,南 北,18,简装,有,88.92,2010,516
北京,朝阳,风度柏林,1,1,东 北,22,精装,有,64.27,2007,586
北京,朝阳,小关北里,2,1,南 北,6,简装,无,57,1986,458
北京,西城,铁二区,3,1,东 西北,18,精装,有,78.1,1991,1110
北京,通州,时尚街区西区,2,1,西南,20,简装,有,78.23,2003,295
北京,海淀,郦城三区,2,2,南 北,11,简装,有,118.28,2004,1296
北京,朝阳,芍药居北里,2,1,东南 西,14,简装,有,66.76,1998,582
北京,石景山,金隅滨和园6号院,2,1,南,31,简装,有,73.97,2013,315
北京,丰台,广安q康馨家园,2,1,南 北,27,精装,有,73.45,2015,380
北京,海淀,志强南园,2,1,西南,6,简装,无,52.6,1995,576
北京,朝阳,鸿坤花语墅,3,1,南 北,9,精装,有,147.06,2013,1599
北京,海淀,自由度,1,1,东,8,简装,有,80.03,2002,610
北京,房山,天恒乐活城南区,3,1,南 北,9,精装,有,86.79,2014,225
北京,大兴,康颐园,2,1,南 北,6,精装,无,93.14,2000,447
北京,通州,珠江拉维小镇,2,1,南 北,10,精装,有,93.73,2012,368
北京,东城,中海紫御公馆,1,1,西北,17,精装,有,67.71,2010,777
北京,朝阳,华贸城,2,1,西,17,简装,有,52.8,2011,475
北京,朝阳,康静里,2,1,南 北,6,简装,无,57.1,1995,289
北京,朝阳,沿海赛洛城二期,2,1,西南,24,精装,有,96.88,2007,643
北京,海淀,金沟河2号院,2,1,东南,6,精装,无,51.9,1980,449
北京,朝阳,康静里,1,1,东 南,6,精装,无,48.49,1994,242
北京,朝阳,富东嘉园,2,1,南,12,简装,有,108.14,2004,536
北京,西城,白云观,2,1,南 北,5,简装,无,49,1976,770
北京,丰台,春园,2,1,东南,18,精装,有,100.3,2001,503
北京,朝阳,新源街,3,1,东南 西北,6,精装,无,56.72,1982,435
北京,丰台,北大地三里,3,0,南 北,5,简装,无,56.8,1980,445
北京,门头沟,桥东街小区,2,1,南 北,6,简装,无,54.06,1982,165
北京,通州,苏荷时代,2,1,东南,24,精装,有,82.66,2005,328
北京,丰台,鑫兆雅园南区,2,2,东南 西北,21,简装,有,92.66,2003,599.5
北京,丰台,南庭新苑南区,2,1,南 北,16,简装,有,68.28,2010,390
北京,石景山,苹果园小区四区,2,1,南,5,其他,无,44.35,1979,219
北京,丰台,政馨园一区,3,1,南 西,18,简装,有,126.93,2003,628
北京,房山,燕化星城北里,3,2,南 北,6,精装,无,125.29,2003,195
北京,海淀,永金里小区,2,2,南,11,简装,有,113.73,2006,910
北京,朝阳,芍药居北里,2,1,南 北,24,简装,有,87.09,1997,718
北京,房山,燕化星城北里,3,2,南 北,6,精装,无,125.29,2003,195
北京,丰台,方庄南路18号院,2,1,西北,18,简装,有,86.66,2012,429
北京,海淀,六建,3,1,南 北,14,简装,有,76,1986,700
北京,朝阳,光熙门北里,2,1,南,21,简装,有,61.72,1991,523
北京,丰台,建邦枫景,2,1,南,22,精装,有,89.14,2011,510
北京,朝阳,北苑家园绣菊园,2,1,东南 南,25,精装,有,74.22,2000,459
北京,丰台,和义东里一区,2,1,南 北,6,简装,无,63.64,1994,282
北京,朝阳,双惠小区,2,1,南 北,6,精装,无,79.01,2004,420
北京,石景山,金顶街五区,2,1,东南,24,简装,有,93.22,2003,463
北京,丰台,建邦枫景,2,1,南 北,9,精装,有,93.34,2011,610
北京,朝阳,朝阳新城三区,2,1,东 西,6,精装,无,80.53,2003,410
北京,丰台,晓月苑二里,2,1,南 北,6,精装,无,69.73,1998,263
北京,海淀,北洼西里,2,1,东 西,6,简装,无,55.2,1985,509
北京,石景山,远洋山水,2,2,南,26,简装,有,98.36,2005,780
北京,石景山,远洋山水,2,1,南,26,精装,有,97.9,2005,742
北京,丰台,康泽园,2,1,西南,20,简装,有,101.79,2000,512
北京,丰台,金丰园,2,1,南 北,6,精装,无,85.49,2003,460
北京,昌平,北京北,2,1,东南,20,简装,有,89.43,2008,540
北京,海淀,永金里小区,2,2,南,11,简装,有,113.73,2006,910
北京,朝阳,芍药居北里,2,1,南 北,24,简装,有,87.09,1997,718
北京,丰台,横五条35号院,2,1,南,6,简装,无,62.76,1990,309
北京,昌平,北街家园五区,3,1,南 北,16,简装,有,86.72,2014,406
北京,石景山,永乐西区,2,1,南 北,6,简装,无,58.27,1986,279
北京,丰台,横一条甲18号院,2,1,东南,21,精装,有,85.9,2010,529
北京,石景山,远洋山水,2,2,南,26,简装,有,98.36,2005,780
北京,朝阳,九龙花园,2,1,东南,20,简装,有,78.94,2001,532
北京,东城,天天家园,1,1,西北,11,精装,有,72.91,2002,555
北京,石景山,五芳园,2,1,南,6,精装,无,65.15,1994,272
北京,西城,车公庄中里,2,1,南,4,简装,无,69.5,1956,632
北京,通州,DBC加州小镇C区,2,2,南,16,精装,有,93.18,2010,389
北京,通州,瑞都公园世家北区,3,1,东南,11,精装,有,117.96,2006,565
北京,丰台,望园东里,3,1,东 北,24,简装,有,96.85,2000,500
北京,通州,皓月苑,2,1,南 北,6,简装,无,90.52,2002,335
北京,石景山,海特花园西区,2,1,西南,18,简装,有,85.7,1999,395
北京,海淀,北洼西里,2,1,东 西,6,简装,无,55.2,1985,509
北京,丰台,金丰园,2,1,南 北,6,精装,无,85.49,2003,460
北京,朝阳,西坝河南里,2,1,西南,22,简装,有,58.69,1989,425
北京,石景山,远洋山水,2,1,南,26,精装,有,97.9,2005,742
北京,丰台,康泽园,2,1,西南,20,简装,有,101.79,2000,512
北京,昌平,北京北,2,1,东南,20,简装,有,89.43,2008,540
北京,丰台,银地家园,2,1,南 北,7,简装,无,66.81,2001,320
北京,昌平,商业宿舍楼,2,1,南,4,简装,无,50.12,2000,188
北京,朝阳,福盈家园,1,0,南,20,简装,有,52.62,2010,272
北京,海淀,人济山庄,2,1,东,26,简装,有,83.02,2003,1080
北京,昌平,沙河一通小区,2,1,南 北,5,精装,无,41.38,1974,169
北京,海淀,大钟寺甲133号院,1,1,南,6,精装,无,46,1985,445
北京,石景山,永乐西区,1,1,南,6,简装,无,40.36,1992,228
北京,大兴,瀛海家园和园B区,2,1,南 北,15,精装,有,78.34,2014,329
北京,门头沟,西山御园,4,2,东 南 北,15,精装,None,219.37,2015,1310
北京,海淀,建西苑南里,3,2,南 北,6,简装,无,112.05,2007,827
北京,石景山,雍景四季,3,2,南 北,20,简装,有,142.71,2010,807
北京,昌平,天通苑东一区,2,1,南 北,7,精装,无,101.58,2001,536
北京,昌平,沙河药材仓库宿舍,2,1,南 北,6,简装,无,65.46,1997,229
北京,朝阳,润泽悦溪,2,1,东 西,11,精装,有,85.75,2010,735
北京,通州,京贸家园,2,1,南 北,18,精装,有,74.26,2010,358
北京,朝阳,潘家园东里,2,1,西南,18,精装,有,63.32,1998,379
北京,海淀,红联北村,2,1,东 西,14,简装,有,62.2,1992,585
北京,大兴,海子角南里,2,1,南,6,简装,无,77.87,2001,209
北京,昌平,天通苑东二区,2,1,南 北,17,精装,有,101.42,2001,433
北京,昌平,天通苑东二区,3,1,南 北,7,精装,无,132.5,2001,558
北京,大兴,海子角南里,2,1,南,6,简装,无,77.87,2001,209
北京,通州,华馨园,1,1,西,6,精装,无,71.67,2002,235
北京,昌平,天通苑东二区,3,1,南 北,7,精装,无,132.5,2001,558
北京,通州,绿地中央广场,1,1,南,22,精装,有,44.48,2018,153
北京,丰台,育仁里2号院,2,1,南 北,6,简装,无,72.49,1997,425
北京,石景山,八角北里,2,1,南 北,6,精装,无,56.67,1986,329
北京,昌平,北亚花园,2,1,东 西,6,精装,无,88.8,2003,295
北京,朝阳,安苑东里三区,2,1,南 北,6,精装,无,58.23,1992,485
北京,石景山,鲁谷村,2,1,南 北,6,简装,无,61.85,1995,338
北京,海淀,玉海园五里,1,1,南 北,6,简装,无,50.92,1998,470
北京,海淀,金沟河3号院,2,1,南 北,6,精装,无,59.3,1987,499
北京,昌平,马池口红冶家属院,2,1,南 北,6,其他,无,58.88,1992,155
北京,海淀,北京机械学院家属楼,2,1,南 北,6,其他,无,54.2,1991,445
北京,朝阳,金隅丽景园,1,1,东,28,简装,有,47.78,2010,218
北京,通州,新华西街,2,1,南 北,6,简装,无,54.53,1982,270
北京,朝阳,易构空间,1,1,西北,24,精装,有,65.69,2004,502
北京,石景山,西现代城,1,1,北,22,精装,有,47.94,2004,288
北京,海淀,交大畅园,1,1,南,18,简装,有,50.67,1993,565
北京,丰台,北大地二里,1,1,东,5,简装,无,33.3,1970,310
北京,顺义,西辛南区,2,1,南 北,6,精装,无,68.64,1994,266
北京,朝阳,国风北京,1,1,东,14,精装,有,82.16,2006,770
北京,西城,三里河一区2号院,1,1,南,18,简装,有,56.4,1998,962
北京,海淀,金沟河5号院,2,1,南 北,6,精装,无,61.8,1993,589
北京,石景山,北重西厂,2,1,南,6,精装,无,61.05,1990,300
北京,房山,一万米家园,2,1,南 北,6,其他,None,98.41,2005,230
北京,石景山,永乐西区,3,1,南 北,6,简装,无,82.99,1987,429
北京,石景山,糕点八厂,2,1,西 北 东,6,精装,无,58.33,1983,215
北京,门头沟,永新小区,2,1,南 北,6,简装,无,62.03,1995,205
北京,石景山,远洋山水,2,1,西,26,简装,有,100.15,2005,668
北京,朝阳,安贞西里,2,1,南,16,简装,有,61.32,1987,540
北京,朝阳,芍药居北里,2,1,东 南 西,20,精装,有,103.23,2008,950
北京,石景山,琳琅庄园,2,1,东,16,简装,有,76.64,2004,345
北京,朝阳,亚运花园,3,1,南,18,简装,有,175.49,1996,880
北京,西城,荣丰2008,1,0,西,26,精装,有,27.09,2003,418
北京,西城,南线阁41号院,3,1,南 北,14,简装,有,119.12,2001,1296
北京,朝阳,天泰新房苑,4,3,南 北,11,简装,有,180.9,2005,695
北京,石景山,中海寰宇天下御山府,3,1,南 北,26,精装,有,110.12,2021,830
北京,密云,首创澜茵山三期,3,1,南 北,12,毛坯,有,94.77,2014,170
北京,海淀,锋尚国际,3,2,南 北,9,精装,有,135.65,2003,2440
北京,大兴,翰林庭院,2,2,南 北,14,简装,有,114.05,2008,460
北京,朝阳,翠成馨园C区,3,2,南 北,13,简装,有,144.48,2005,698
北京,昌平,名佳花园四区,2,1,南 北,6,精装,无,87.61,2003,355
北京,朝阳,融科橄榄城三期,3,1,南 北,27,简装,有,130.56,2009,1539
北京,亦庄开发区,国锐金,4,2,南 北,31,精装,有,277.96,2015,1740
北京,丰台,南三环中路,3,1,南,16,简装,有,97.98,2004,482
北京,房山,加州水郡二期,3,2,南 北,9,精装,有,161.59,2007,379
北京,顺义,双裕花园东区,5,2,南 北,6,简装,无,231.84,1998,545
北京,房山,世界名园北区,3,2,东 西,6,毛坯,有,142.31,2010,168
北京,石景山,叠翠庭苑一区,3,1,南 北,26,简装,有,100.98,2019,588
北京,房山,世界名园北区,3,2,东 西,6,毛坯,有,142.31,2011,153
北京,海淀,郦城二区,2,2,南 北,12,精装,有,116.06,2002,1259
北京,大兴,隆盛园,3,2,南 北,6,精装,无,158.49,2002,308
北京,朝阳,灵通观,4,1,南 北,9,精装,有,122.82,1964,818
北京,大兴,观音寺新区,3,1,南 北,12,精装,有,156.97,2002,580
北京,朝阳,麒麟公馆,3,1,东南 北,24,精装,有,163.23,2010,1780
北京,朝阳,富力又一城A区,2,2,南 北,10,精装,有,123.14,2005,660
北京,丰台,文成建筑,3,2,南 北,15,精装,有,158.68,2010,1167
北京,大兴,原生墅,3,2,东 南 西,5,精装,无,142.37,2008,699
北京,怀柔,湖光小区,2,1,南 北,5,简装,无,60.57,1984,172
北京,朝阳,北京新天地五期,1,1,北,28,精装,有,61.04,2009,379
北京,房山,世茂维拉,1,1,西,14,简装,有,60.12,2015,198
北京,丰台,宝隆温泉公寓,1,1,北,31,简装,有,52.61,2000,218
北京,昌平,宁馨苑,2,1,南 北,6,简装,无,86.59,2001,340
北京,朝阳,双桥东路6号院,2,1,南 北,6,精装,无,60.51,1995,234
北京,昌平,宁馨苑,2,1,南 北,6,简装,无,86.59,2001,340
北京,通州,杨庄22号院,1,1,南,6,精装,无,44.8,2004,207
北京,朝阳,金台北街,2,1,南,16,精装,有,59.23,1988,435
北京,房山,北京城建琨廷漫缇,2,1,北 南,18,毛坯,有,88.65,2016,178.8
北京,密云,云秀花园,1,1,南 北,5,精装,无,62.75,2005,156
北京,丰台,银地家园,1,0,西,13,简装,有,46.62,2004,200
北京,朝阳,金港国际,1,0,东,11,精装,有,45.59,2006,317
北京,大兴,兴政家园,2,1,南,14,简装,有,72.31,2009,349.9
北京,房山,康泽佳苑南区,1,1,西,28,精装,有,42.29,2014,175
北京,石景山,古城南里,2,1,南 北,11,简装,有,60.6,1984,295
北京,丰台,天伦锦城,1,1,南,12,简装,有,63.22,2010,318
北京,海淀,北航家属院,2,1,南 北,6,简装,无,59.57,1996,605
北京,昌平,天通公园里,1,1,东,24,其他,有,55.62,2008,318
北京,朝阳,甘露园南里,1,1,南 北,6,简装,无,42.32,1999,233
北京,朝阳,中海城北区,1,1,北,15,简装,有,42,2007,349
北京,石景山,古城路小区,1,1,东南,6,精装,无,39.01,1976,173
北京,朝阳,团结湖水利局宿舍,2,1,南,5,精装,无,44.81,1974,333
北京,朝阳,垡头西里一区,1,1,北,6,简装,无,39.99,1983,199
北京,顺义,东兴二区,1,1,南 北,6,简装,无,67.92,1997,231
北京,东城,兴隆都市馨园,1,0,南,7,简装,有,28.85,2004,396
北京,丰台,益明园,1,0,南,10,精装,有,43.35,2004,350
北京,通州,长城国际,1,1,东,22,精装,有,46.15,2009,183
北京,朝阳,远洋一方新悦二期,1,1,西,17,精装,有,69.13,2012,359
北京,石景山,古城路小区,1,1,东南,6,精装,无,39.01,1976,173
北京,朝阳,远洋一方新悦二期,1,1,西,17,精装,有,69.13,2012,359
北京,昌平,流星花园三区,1,1,北,11,精装,有,47.88,2006,326
北京,西城,荣丰2008,1,1,西,10,简装,有,31.94,2005,490
北京,丰台,明日嘉园,1,0,北,23,精装,有,39.58,2003,267
北京,朝阳,秀水园,1,1,南 北,6,精装,无,43.42,1990,280
北京,石景山,模式口南里,2,1,南,6,精装,无,54.38,1986,228.5
北京,房山,绿城百合公寓玉泉苑,1,1,南,17,精装,有,66.23,2011,180
北京,石景山,金隅滨和园7号院,1,1,南,31,简装,有,59.78,2014,215
北京,丰台,大成时代中心,1,1,西北,27,精装,有,70.9,2011,314
北京,朝阳,工体东路,2,1,东 西 南,5,精装,无,49.99,1974,420
北京,西城,复兴门外大街,3,1,南 北,12,精装,有,67.7,1981,998
北京,石景山,新都名苑,1,1,南,21,简装,有,58.72,2013,239
北京,朝阳,东方雅苑,1,0,南,21,精装,有,42.85,2006,405
北京,通州,海棠湾一期,1,1,西,27,精装,有,46.53,2010,210
北京,密云,龙湖长城源著2号院,2,1,南 北,4,精装,无,83.3,2018,113
北京,昌平,北街家园八区,1,0,东,18,精装,有,32.9,2010,183
北京,房山,加州水郡三期,1,1,南,15,精装,有,58.6,2010,179
北京,朝阳,景粼原著,4,3,东 南 北,3,毛坯,有,266.67,2017,2550
北京,大兴,福苑小区,1,1,南,6,精装,无,51.8,1996,178
北京,海淀,毛纺厂南小区,2,1,南 北,6,精装,无,70.8,1997,548
北京,朝阳,工体南路,1,1,南,18,简装,有,42.66,1987,372
北京,朝阳,双惠小区,1,1,东 西,6,简装,无,58.65,2004,302
北京,大兴,福苑小区,1,1,南,6,精装,无,51.8,1996,178
北京,房山,城北社区,1,1,南,5,简装,None,36.39,1980,80
北京,密云,保利花园C区,2,1,南 北,6,精装,无,90.59,2011,210
北京,东城,兴隆都市馨园,1,0,南,7,简装,有,45.83,2004,486
北京,朝阳,东柳西里,2,0,南,5,简装,无,45.52,1984,209
北京,丰台,大成时代中心,1,1,西北,27,精装,有,70.9,2011,314
北京,朝阳,工体东路,2,1,东 西 南,5,精装,无,49.99,1974,420
北京,石景山,新都名苑,1,1,南,21,简装,有,58.72,2013,239
北京,昌平,北街家园八区,1,0,东,18,精装,有,32.9,2010,183
北京,通州,龙鼎园,2,1,南 北,11,精装,有,91.62,2005,347
北京,朝阳,首开畅心园,1,1,南,29,简装,有,50.74,2010,248
北京,朝阳,双惠小区,1,1,东 西,6,简装,无,58.65,2004,302
北京,朝阳,远洋一方润园2号院,1,1,南,14,精装,有,64.78,2011,407
北京,朝阳,双井东院,1,1,南,6,精装,无,47.49,1979,334
北京,门头沟,新桥南大街,1,1,南,6,简装,无,62.49,1998,195
北京,丰台,草桥东路16号楼,2,1,北 南,13,简装,有,75.35,1999,518
北京,门头沟,大峪南路,2,1,南 北,6,简装,无,53.81,1991,168
北京,昌平,华龙苑南里,2,1,南 北,6,精装,无,71.28,1995,415
北京,房山,万科幸福汇,2,1,南 北,7,精装,有,78.23,2015,185
北京,朝阳,炫特嘉园一期,1,1,南,28,精装,有,65.69,2004,476
北京,朝阳,百环家园,1,1,西北,28,简装,有,59.25,2005,353
北京,石景山,金隅滨和园2号院,1,1,南,31,简装,有,51.76,2014,161
北京,丰台,政馨园一区,1,0,东,10,简装,有,26.94,2003,180
北京,通州,京贸家园,1,1,南,29,简装,有,58.97,2010,288
北京,朝阳,兴隆家园,1,1,东南,24,简装,有,59.51,2001,374
北京,石景山,八角北路11号院,1,1,南,7,精装,无,62.36,2000,283
北京,房山,千禧家园,2,1,南 北,6,简装,无,96.8,2003,160
北京,石景山,古城路小区,2,1,东 西,6,精装,无,77.09,2006,277
北京,海淀,和景园,2,0,西,12,精装,有,48.78,2001,470
北京,通州,玉桥北里,1,1,南 北,6,精装,无,50.72,1992,200
北京,丰台,福海棠・华府,1,1,南 北,16,简装,有,62.33,2014,312
北京,朝阳,炫特嘉园二期,1,0,北,24,精装,有,40.7,2004,265
北京,通州,世界侨商中心,1,1,南,27,精装,有,66.95,2018,179
北京,昌平,北京北,1,1,东南,20,简装,有,55.91,2008,418
北京,大兴,育新花园北里,2,1,南 北,18,毛坯,有,88.1,2013,185
北京,昌平,建明里小区,2,1,南 北,6,简装,无,92.83,2004,288
北京,门头沟,向东楼小区,1,1,南,6,简装,无,40.82,1986,138
北京,昌平,北街家园六区,2,1,东,18,精装,有,63.04,2010,329
北京,昌平,郝庄家园东区,2,1,南 北,6,简装,无,77.95,1995,190
北京,通州,珠江拉维小镇,2,1,南 北,9,简装,有,96.49,2011,343
北京,东城,藏经馆胡同15号院,1,1,南,5,精装,无,35.68,1985,550
北京,石景山,金隅滨和园2号院,1,1,南,31,简装,有,51.76,2014,161
北京,通州,世界侨商中心,1,1,南,27,精装,有,66.95,2018,179
北京,昌平,北京北,1,1,东南,20,简装,有,55.91,2008,418
北京,朝阳,炫特嘉园二期,1,0,北,24,精装,有,40.7,2004,265
北京,通州,京贸家园,1,1,南,29,简装,有,58.97,2010,288
北京,房山,千禧家园,2,1,南 北,6,简装,无,96.8,2003,160
北京,丰台,福海棠・华府,1,1,南 北,16,简装,有,62.33,2014,312
北京,朝阳,兴隆家园,1,1,东南,24,简装,有,59.51,2001,374
北京,通州,玉桥北里,1,1,南 北,6,精装,无,50.72,1992,200
北京,昌平,金隅万科城一期,2,1,东南,28,简装,有,90.02,2009,385
北京,丰台,南庭新苑南区,1,1,西南,15,简装,有,52.98,2012,213
北京,丰台,西罗园一区,1,1,南,5,简装,无,39.6,1980,283
北京,丰台,左右坊,1,1,西,16,简装,有,36.99,2011,240
北京,大兴,蓝桥驿苑,1,1,南 北,12,精装,有,55.29,2014,169
北京,大兴,育新花园北里,2,1,南,18,毛坯,有,73.53,2013,165
北京,海淀,科技大学,2,1,南,4,简装,无,51.8,1980,563
北京,门头沟,惠通新苑,2,1,南 北,18,简装,有,78.17,2015,175
北京,亦庄开发区,南海雅苑南区,1,1,西,16,精装,有,61.92,2015,253
北京,海淀,文慧园,1,1,南,6,精装,无,51.5,1997,478
北京,大兴,庑殿家苑C区,1,1,南,17,简装,有,48.12,2015,190
北京,通州,中建雅颂居,2,1,东,22,精装,有,64.68,2012,198
北京,海淀,三嘉信苑,1,1,南 北,6,简装,无,48.88,2011,278
北京,石景山,华信大厦宿舍,1,1,南,6,简装,无,44.75,1993,188
北京,大兴,育新花园北里,2,1,南,18,毛坯,有,73.53,2013,165
北京,海淀,上林溪,1,0,南,11,精装,有,44.84,2014,485
北京,大兴,泰中花园,1,1,东南,6,简装,无,70.25,1997,220
北京,朝阳,炫特嘉园一期,2,1,西北,22,精装,有,63.27,2004,465
北京,丰台,西罗园一区,1,1,南,5,简装,无,39.6,1980,283
北京,昌平,金隅万科城一期,2,1,东南,28,简装,有,90.02,2009,385
北京,丰台,gogo新世代,1,1,西,32,简装,有,46.39,2005,295
北京,密云,果园西里,2,2,南 北,6,简装,无,89,2016,170
北京,密云,蓝河湾,2,1,南 北,5,精装,无,88.61,2010,240
北京,昌平,通达园,1,1,东 西,7,精装,无,77.13,2001,412
北京,顺义,西平街一里,2,1,南 北 西,6,简装,无,65.38,1992,199
北京,丰台,设计师广场,1,0,西北,23,毛坯,有,51.4,2010,242
北京,通州,DBC加州小镇C区,1,1,南,18,简装,有,58.53,2011,278
北京,朝阳,天天朝阳,1,1,东,16,精装,有,60.6,2005,350
北京,海淀,科技大学,2,1,南,4,简装,无,51.8,1980,563
北京,海淀,文慧园,1,1,南,6,精装,无,51.5,1997,478
北京,亦庄开发区,南海雅苑南区,1,1,西,16,精装,有,61.92,2015,253
北京,石景山,金隅滨和园7号院,1,1,南,31,简装,有,59.78,2016,212
北京,朝阳,金隅丽景园,1,1,南,27,精装,有,55.8,2010,315
北京,朝阳,融域嘉园,1,1,南,15,简装,有,73.18,2007,645
北京,海淀,建材城西二里,1,1,南,6,精装,无,46.3,1995,355
北京,大兴,育新花园北里,2,1,南 北,18,毛坯,有,88.1,2013,185
北京,大兴,兴盛街187号院,1,1,南,12,精装,有,55.09,2009,235
北京,丰台,丰泽家园,2,1,南 北,20,精装,有,59.44,2013,299
北京,海淀,索家坟,2,1,南,6,精装,无,50.6,1981,502
北京,门头沟,新桥南大街,2,1,南 北,6,精装,无,56.79,1988,230
北京,通州,后南仓,2,1,南 北,6,简装,无,55.82,1986,249
北京,朝阳,北苑家园茉藜园,1,1,东南,26,精装,有,67.88,2005,442
北京,朝阳,太阳公元北区,1,1,南,27,精装,有,67.72,2010,1100
北京,昌平,国惠村,1,1,南,20,精装,有,71.98,2013,285
北京,通州,蓝调沙龙东区,1,1,南,12,简装,有,61.49,2006,289
北京,房山,天恒乐活城,2,1,南,18,精装,有,88.01,2010,209
北京,朝阳,周庄嘉园东里C区,1,1,南,6,简装,无,51.01,2005,343
北京,朝阳,世安家园,2,1,东,24,简装,有,80.42,2001,518
北京,朝阳,炫特嘉园一期,1,1,南,9,精装,有,58.89,2004,459
北京,丰台,华富丽苑,1,1,东,30,简装,有,74.84,2009,385
北京,丰台,丰泽家园,2,1,南 北,20,简装,有,60.71,2013,295
北京,西城,月坛西街乙2号院,1,1,南 北,18,简装,有,43.5,1990,725
北京,朝阳,垡头西里二区,2,1,南,13,毛坯,有,53.74,1984,249
北京,通州,新通国际花园,2,1,西南 北,21,精装,有,71.34,2010,298
北京,昌平,龙博苑二区,1,1,南,6,精装,无,61.99,2004,389
北京,朝阳,万豪国际公寓,1,1,北,23,精装,有,63.06,2003,465
北京,丰台,丰泽家园,1,1,南,19,精装,有,49.56,2013,215
北京,昌平,流星花园二区,1,0,北,11,简装,有,47.3,2004,283
北京,朝阳,东方雅苑,1,0,南,21,精装,有,45.26,2006,402
北京,密云,龙湖长城源著2号院,1,1,东北,7,简装,有,46.79,2018,89
北京,大兴,黄村东里,1,1,西南,6,简装,无,53.06,1993,175
北京,房山,金隅畅和园9号院,1,1,南,21,精装,有,65.08,2016,220
北京,昌平,和平家园小区,1,1,南,12,精装,有,58.7,2005,222
北京,大兴,理想家园,1,1,东南,25,精装,有,51.58,2013,211.2
北京,东城,新奥洋房,1,1,北,8,简装,有,45.43,2005,439
北京,密云,龙湖长城源著2号院,1,1,西,6,精装,有,48.26,2018,85
北京,门头沟,惠民家园,1,0,东,9,简装,有,53.51,2015,180
北京,昌平,西环里,1,1,南,5,简装,无,35.6,1992,155
北京,昌平,北京太阳城,2,2,南 北,5,简装,有,95.9,2004,245
北京,大兴,金融街融汇,2,1,南,24,精装,有,78.3,2014,318
北京,房山,长阳国际城一区,2,1,南,20,简装,有,81.22,2012,299
北京,房山,长阳半岛2号院,2,1,南 北,28,简装,有,87.65,2012,357
北京,门头沟,军庄杨坨小区,2,0,南,6,简装,无,47.88,1975,98
北京,丰台,万科蓝蓝沁家园,1,1,南,18,精装,有,58.95,2014,426
北京,大兴,世嘉博苑,1,1,南 北,15,简装,有,54.07,2009,333
北京,昌平,流星花园二区,1,0,北,11,简装,有,47.3,2004,283
北京,丰台,丰泽家园,1,1,南,19,精装,有,49.56,2013,215
北京,密云,龙湖长城源著2号院,1,1,东北,7,简装,有,46.79,2018,89
北京,通州,新通国际花园,2,1,西南 北,21,精装,有,71.34,2010,298
北京,朝阳,东方雅苑,1,0,南,21,精装,有,45.26,2006,402
北京,石景山,六合园,2,1,南 北,7,简装,无,66.76,1994,310
北京,朝阳,华龙美树,1,1,南,19,简装,有,60.28,2005,309
北京,朝阳,康家园,1,1,南,5,简装,无,41.44,1991,248
北京,石景山,八角北里,1,1,南,6,毛坯,无,44.01,1986,185
北京,丰台,宋家庄家园三区,1,1,西南,29,简装,有,51.41,2011,314
北京,石景山,远洋山水,1,1,西,25,精装,有,56.38,2005,369
北京,朝阳,美然动力A2区,1,0,北,14,简装,有,39.18,2003,219
北京,昌平,龙博苑二区,1,1,南,6,精装,无,61.99,2004,389
北京,朝阳,万豪国际公寓,1,1,北,23,精装,有,63.06,2003,465
北京,大兴,红木林北区,2,1,南 北,21,精装,有,76.77,2013,500
北京,顺义,港馨家园福景苑,2,1,南 北,20,精装,有,107.79,2015,328
北京,通州,新华南路153号院,1,1,南,6,简装,无,45.92,1990,175
北京,朝阳,延静里,2,1,南,6,精装,无,50.75,1983,315
北京,石景山,重聚园,1,1,西南,24,精装,有,62.63,2003,336
北京,丰台,东木樨园,1,1,南,15,精装,有,55.2,1996,288
北京,房山,加州水郡四期,1,1,南,14,简装,有,57.96,2011,179
北京,朝阳,潘家园南里,1,1,南,6,精装,无,41.22,1984,244
北京,朝阳,乐成豪丽,1,1,西,12,精装,有,69.16,2008,499
北京,丰台,银地家园,1,0,西,13,简装,有,46.62,2004,199
北京,西城,新德街35号院,1,1,南 北,7,简装,无,49.3,1990,728
北京,通州,华远铭悦园,1,1,南,28,精装,有,55.8,2014,238
北京,大兴,首开康乃馨城,1,2,南,16,精装,有,62.34,2012,207
北京,房山,康泽佳苑南区,1,1,东南,28,简装,有,42.18,2014,168
北京,房山,康泽佳苑北区,1,1,南,25,简装,有,60.46,2015,229
北京,朝阳,后现代城B区,1,1,东南,15,精装,有,64.09,2004,478
北京,石景山,重聚园,1,1,西南,24,精装,有,62.63,2003,336
北京,朝阳,惠新里小区,2,1,南 北,5,毛坯,无,56.2,1964,412
北京,丰台,中海御鑫阁,1,0,西,20,精装,有,39.73,2012,219
北京,西城,六铺炕一区,1,1,东,6,简装,无,44.7,1990,760
北京,丰台,东木樨园,1,1,南,15,精装,有,55.2,1996,288
北京,房山,康泽佳苑北区,1,1,南,25,简装,有,60.46,2015,229
北京,通州,华远铭悦园,1,1,南,28,精装,有,55.8,2014,238
北京,丰台,洋桥西里,1,1,东南,6,精装,无,39.84,1990,219
北京,西城,大井胡同,1,1,南,6,精装,无,38,1989,680
北京,大兴,海悦公馆,2,1,东,24,精装,有,81.65,2014,288
北京,通州,旗舰凯旋一期,1,1,南 北,6,精装,无,62.41,2003,236
北京,通州,DBC加州小镇,1,1,南,11,简装,有,57.03,2005,265
北京,石景山,模式口西里,2,1,东 西,6,简装,无,57.75,1991,218
北京,朝阳,华贸公寓,1,0,西,26,精装,有,66.33,2005,596
北京,丰台,北大地二里,1,1,南,4,毛坯,无,40.5,1960,315
北京,门头沟,中门寺街67号院,2,1,南 北,4,简装,无,68.76,2003,188
北京,石景山,六合园,1,1,东,18,其他,有,54.84,1994,269
北京,朝阳,广和东里,1,1,南,6,简装,无,35.79,1979,215
北京,海淀,玉泉路16号院,1,1,东,5,精装,无,36.2,1979,380
北京,朝阳,炫特嘉园三期,1,1,西南,14,简装,有,72.99,2006,450
北京,顺义,仓上小区,1,1,西南,6,简装,无,48.8,1992,179
北京,朝阳,东柳西里,2,1,南,5,简装,无,42.4,1982,190
北京,海淀,绿波漫板,1,0,东,14,精装,有,65.22,2004,469
北京,海淀,普惠北里,1,1,南,5,精装,无,37.4,1981,495
北京,西城,南露园,1,1,东,6,精装,无,50.6,1992,620
北京,朝阳,双合家园,1,1,南,22,精装,有,55.02,2013,253
北京,朝阳,北苑家园绣菊园,1,1,北 南,14,简装,有,67.76,2000,375
北京,朝阳,东方雅苑,1,1,南 北,18,精装,有,66.35,2006,612
北京,西城,复兴门外大街,1,1,南,12,简装,有,38.3,1980,689
北京,海淀,沁春家园,2,1,南 北,7,简装,无,77.42,2002,572
北京,房山,大自然新城雅苑,2,1,南 北,6,精装,无,90.09,2005,109
北京,通州,北机家属院,1,1,东,6,精装,无,44.47,1992,161
北京,朝阳,慧忠里,2,1,北 南,6,简装,无,58.16,1990,585
北京,大兴,枣园北里,1,1,南,6,精装,无,46.82,1994,195
北京,西城,朗琴园,1,1,东,27,精装,有,58.9,2002,755
北京,房山,碧桂园小区C区,2,1,西南,16,精装,有,94.73,2007,256
北京,大兴,佟馨家园D区,2,1,南 北,18,精装,有,79.51,2016,266
北京,西城,政泰家园,1,1,东,22,精装,有,58.58,2004,523
北京,怀柔,青春苑2院,3,1,南 北,6,精装,None,78.46,1997,242
北京,海淀,华盛家园,2,2,西南,24,精装,有,80.7,2000,805
北京,丰台,大成郡,3,1,南 北,7,精装,有,122.73,2012,1080
北京,朝阳,北纬40度一期,2,1,南,11,精装,有,84.67,2009,739
北京,怀柔,青春苑2院,3,1,南 北,6,精装,None,78.46,1997,242
北京,大兴,兴政东里,2,1,南 北,5,毛坯,无,67.23,1995,230
北京,大兴,黄村西里,3,1,南 北,5,简装,无,63.88,1982,227
北京,通州,北京光学仪器厂家属院,3,1,南 北,6,精装,无,69.54,1983,238
北京,朝阳,双合家园,2,1,南,22,精装,有,86.35,2013,379
北京,昌平,龙锦苑东一区,3,1,南 北,6,精装,无,124.05,2007,545
北京,昌平,领秀慧谷B区,3,1,南 西 东,9,简装,有,89.26,2011,489
北京,大兴,北京城建海梓府,3,2,南 北,14,精装,有,96.98,2016,858
北京,大兴,旧宫新苑南区,3,2,南 北,18,精装,有,106.91,2012,506
北京,昌平,兴隆小区,2,1,南 北,6,简装,无,61.09,2010,159
北京,丰台,青塔秀园,1,1,南,6,精装,无,39.32,1994,158
北京,朝阳,富力城A区,2,1,南,28,精装,有,88.88,2004,1065
北京,大兴,长丰园一区,2,1,南 北,6,精装,无,86.12,2000,239.9
北京,大兴,保利春天里,4,2,南 西 北,30,精装,有,96.83,2014,449
北京,海淀,锦顺佳园,2,2,西南,12,精装,有,104.25,2008,1035
北京,东城,天坛东里北区,2,1,南 北,5,精装,无,54.9,1978,483
北京,大兴,瑞康家园,3,2,南 北,20,精装,有,127.95,2005,569
北京,海淀,富力桃园C区,2,1,南 北,18,精装,有,89.63,2008,709
北京,朝阳,双泉堡甲1号院,3,1,南,18,精装,有,98.93,2000,729
北京,通州,新光大中心,2,1,南,41,精装,有,114.24,2018,379
北京,顺义,阿凯笛亚别院,2,1,南 北,6,精装,无,91.4,2011,462
北京,大兴,瑞康家园,3,2,南 北,20,精装,有,127.95,2005,569
北京,大兴,长丰园一区,2,1,南 北,6,精装,无,86.12,2000,239.9
北京,大兴,保利春天里,4,2,南 西 北,30,精装,有,96.83,2014,449
北京,西城,华龙美钰,2,1,南 北,21,精装,有,83.07,2011,1080
北京,昌平,领秀慧谷B区,3,1,南 西 东,9,简装,有,89.26,2011,489
北京,大兴,旧宫新苑南区,3,2,南 北,18,精装,有,106.91,2012,506
北京,大兴,北京城建海梓府,3,2,南 北,14,精装,有,96.98,2016,858
北京,大兴,春泽北院,2,1,南 北,5,简装,无,88.33,2001,245
北京,大兴,保利首开熙悦春天,2,1,南,27,精装,有,83.21,2016,338
北京,昌平,天鑫家园,2,1,南 北,7,简装,无,88.31,2002,457
北京,昌平,天通苑北二区,3,1,南 北,13,精装,有,156.49,2005,485
北京,通州,紫荆园,2,1,南 北,6,精装,无,95.21,2001,447
北京,朝阳,团结湖中路南三条,2,1,南 北,6,精装,无,60.85,1980,420
北京,大兴,紫宸苑,3,1,南 北,11,精装,有,129.92,2016,666
北京,海淀,人济山庄,3,1,东南,26,精装,有,158.89,2001,1688
北京,海淀,博雅西园,2,1,南 北,6,简装,有,78.42,2004,880
北京,西城,广安门外南街,3,1,东南,6,精装,无,71.66,1992,758
北京,房山,北京城建琨廷北区,2,2,南 北,15,精装,有,86.06,2014,188
北京,海淀,博雅西园,2,1,南 北,6,简装,有,78.42,2004,880
北京,大兴,紫宸苑,3,1,南 北,11,精装,有,129.92,2016,666
北京,大兴,富强西里,3,1,西 北,4,精装,无,62.36,1985,225
北京,通州,百合湾,2,2,南,20,精装,有,82.37,2013,559
北京,大兴,清逸西园,3,1,南 北,6,精装,无,93.7,1999,369
北京,大兴,兴海家园星苑,1,1,南,6,精装,无,58.08,2004,290
北京,西城,广安门外南街,3,1,东南,6,精装,无,71.66,1992,758
北京,丰台,蔚园,3,1,南 北,6,精装,无,67.05,1993,325
北京,海淀,阜光里小区,2,1,南 北,6,精装,无,58.7,1997,588
北京,海淀,人济山庄,3,1,东南,26,精装,有,158.89,2001,1688
北京,丰台,玉林里小区,2,1,南 北,18,简装,有,61.2,1993,435
北京,房山,北京城建琨廷北区,2,2,南 北,15,精装,有,86.06,2014,188
北京,门头沟,门头沟月季园,2,1,南 北,6,精装,无,61.1,1990,235
北京,昌平,天通苑三区,3,2,南 北,6,精装,无,134.94,1999,430
北京,通州,金地格林格林,1,1,南 北,18,精装,有,54.9,2015,228
北京,海淀,智学苑,2,1,东南,24,精装,有,99.26,2001,639
北京,昌平,北京人家,3,2,南 北,9,精装,有,136.19,2005,768
北京,海淀,乐府江南,2,2,东 西,7,精装,有,103.7,2005,994
北京,朝阳,天居园,2,2,东南 北,32,精装,有,110.13,2008,719
北京,朝阳,嘉润花园,3,1,南,30,精装,有,131.78,2001,848
北京,海淀,清缘东里,2,1,东 西,10,简装,有,85.38,2003,698
北京,朝阳,瞰都国际,2,1,东 西 北,17,精装,有,85.49,2006,688
北京,朝阳,惠新东街,2,1,南 北,6,精装,无,57.49,1991,456
北京,大兴,康宜家园北区,2,2,南,21,精装,有,70.08,2015,274
北京,朝阳,安慧北里逸园,2,2,南,26,精装,有,90.75,1998,798
北京,西城,建功南里,2,1,西南,16,简装,有,78.54,1996,780
北京,房山,长阳半岛怡和路8号院,3,2,南 北,9,精装,有,130.78,2013,570
北京,房山,西潞园一里,2,1,南 北,6,简装,无,65.33,1993,189
北京,石景山,金隅滨和园1号院,1,1,南,31,精装,有,56.96,2014,165
北京,昌平,北京市农学院家属宿舍,2,1,东 南 北,5,简装,None,63.66,1996,345
北京,朝阳,慧忠北里第二社区,2,1,南,25,精装,有,72.57,2000,650
北京,房山,徜徉嘉园8号院,3,2,南 北,15,精装,有,127.73,2014,620
北京,丰台,卢沟桥南里,2,1,南 北,6,简装,无,55.9,1995,265
北京,朝阳,惠新苑,3,1,西南 北,23,精装,有,129.66,2000,1100
北京,大兴,金荣园,3,1,东 南,6,简装,无,93.34,1995,275
北京,海淀,上庄馨瑞嘉园,1,1,南,16,简装,有,67.73,2013,355
北京,东城,绿景苑,1,1,东,18,其他,有,53.04,2002,648
北京,西城,阜成门南大街,2,1,东,14,简装,有,55.9,1985,670
北京,昌平,龙山华府,2,2,南,21,简装,有,86.76,2011,375
北京,海淀,汉荣家园,2,1,南,25,精装,有,86.91,2001,1018
北京,朝阳,光辉南里,3,1,南 北,6,精装,无,76.34,1995,449
北京,朝阳,垡头西里二区,2,1,南 北,6,精装,无,58.52,1983,255
北京,大兴,润枫锦尚,2,1,南,10,简装,有,89.05,2011,442
北京,房山,腾龙家园五区,2,1,南 北,5,精装,无,85.92,2008,150
北京,东城,金世纪嘉园,3,2,西南,21,精装,有,155.47,2003,1350
北京,通州,DBC加州小镇,3,1,北 南,11,精装,有,120.96,2005,538
北京,顺义,埃力生,2,1,南,9,精装,有,137.19,2001,355
北京,东城,金世纪嘉园,3,2,西南,21,精装,有,155.47,2003,1350
北京,昌平,龙博苑一区,2,1,南 北,6,精装,无,77.86,2005,451
北京,通州,DBC加州小镇,3,1,北 南,11,精装,有,120.96,2005,538
北京,海淀,新康园,3,2,东 南 北,32,其他,有,123.39,2003,645
北京,大兴,鸿坤理想城礼域府,2,1,南 北,13,精装,有,106.41,2012,538
北京,石景山,八角北路,2,1,南 北,6,简装,无,58.46,1985,235
北京,朝阳,东大桥路,2,1,西南,14,简装,有,64.55,1985,485
北京,海淀,麓景嘉园北里,2,1,南 北,6,精装,无,88.96,2015,368
北京,房山,绿城百合公寓北区,2,2,南 北,11,简装,有,108.78,2007,268
北京,朝阳,安慧里二区,1,2,东,25,精装,有,50.62,1990,435
北京,门头沟,梧桐苑清露园,2,1,南,28,简装,有,84.29,2013,358
北京,丰台,中堂,2,2,南,18,精装,有,102.79,2007,738
北京,朝阳,通惠家园,2,1,南 北,7,精装,无,89.42,2002,539
北京,房山,罗府家园,2,2,南 北,6,精装,无,82.99,2001,225
北京,昌平,融泽嘉园西二路2号院,2,1,南,30,简装,有,88.15,2016,538
北京,大兴,德茂小区,1,1,南,6,简装,无,39.76,1992,190
北京,石景山,八角中里,2,1,南 北,6,简装,无,58.94,1987,252
北京,昌平,保利芳园,2,1,东南,18,精装,有,52.43,2014,280
北京,海淀,双榆树北里,2,1,西南,16,简装,有,59.43,1986,695
北京,大兴,首邑溪谷,2,1,南 北,16,简装,有,46.35,2013,275
北京,石景山,八角北路,2,1,南 北,6,简装,无,58.46,1985,235
北京,海淀,麓景嘉园北里,2,1,南 北,6,精装,无,88.96,2015,368
北京,房山,绿城百合公寓北区,2,2,南 北,11,简装,有,108.78,2007,268
北京,丰台,中堂,2,2,南,18,精装,有,102.79,2007,738
北京,朝阳,安慧里二区,1,2,东,25,精装,有,50.62,1990,435
北京,石景山,八角中里,2,1,南 北,6,简装,无,58.94,1987,252
北京,朝阳,石佛营东里105号院,2,1,南 北,6,精装,无,57.99,1993,425
北京,通州,富力惠兰美居,2,1,南,28,简装,有,67.6,2016,238
北京,西城,月坛西街西里,2,1,南 北,6,简装,无,51.8,1981,739
北京,东城,金世纪嘉园,3,2,西南,21,精装,有,155.47,2003,1350
北京,通州,珠江东都国际,3,2,南,18,精装,有,89.13,2015,455
北京,大兴,康宜家园南区,2,1,南 北,15,简装,有,70.1,2015,212
北京,丰台,开阳里六区,3,1,东南,18,精装,有,86.8,2000,649
北京,大兴,首座御园一期,2,1,南 西 北,8,简装,有,92.72,2013,389
北京,大兴,宏大南园,2,1,西南,16,精装,有,89.7,2006,418
北京,东城,南岗子,2,1,南 北,5,精装,无,52.72,1981,628
北京,昌平,华龙苑南里,2,1,南 北,6,精装,无,70.21,1995,428
北京,海淀,翠微南里,1,1,南,18,简装,有,44.57,1988,538
北京,朝阳,国风北京,4,2,南 北,14,精装,有,172.7,2006,1600
北京,昌平,天通苑东三区,2,1,南 北,7,简装,无,106.14,2002,465
北京,大兴,双河北里,2,1,南 北,6,精装,无,82.1,1999,278
北京,石景山,八角北里,3,1,南 北,6,精装,无,67.73,1986,358
北京,房山,绿城百合公寓北区,2,2,南 北,11,简装,有,108.78,2007,268
北京,大兴,双河北里,2,1,南 北,6,精装,无,82.1,1999,278
北京,朝阳,金蝉南里,2,2,西南,20,精装,有,84.67,2007,545
北京,昌平,华龙苑南里,2,1,南 北,6,精装,无,70.21,1995,428
北京,海淀,翠微南里,1,1,南,18,简装,有,44.57,1988,538
北京,大兴,首座御园一期,2,1,南 西 北,8,简装,有,92.72,2013,389
北京,大兴,宏大南园,2,1,西南,16,精装,有,89.7,2006,418
北京,大兴,鸿坤理想城礼域府,2,1,南 北,13,精装,有,106.41,2012,538
北京,通州,珠江东都国际,3,2,南,18,精装,有,89.13,2015,455
北京,大兴,康宜家园南区,2,1,南 北,15,简装,有,70.1,2015,212
北京,丰台,太平桥东里,2,1,南 北,6,精装,无,57.64,1985,343
北京,大兴,福苑小区,2,1,南 西 北,6,精装,无,74.57,1997,239
北京,顺义,顺兴街17号院,2,1,南 北,28,简装,有,58.94,2013,169
北京,昌平,龙回苑,3,1,南 北,6,精装,无,115.9,2004,529
北京,东城,南岗子,2,1,南 北,5,精装,无,52.72,1981,628
北京,朝阳,国风北京,4,2,南 北,14,精装,有,172.7,2006,1600
北京,海淀,春晖园,1,1,南,6,精装,无,57.11,2004,539
北京,昌平,新悦家园,3,2,南 北 西,26,简装,有,126.46,2003,408
北京,丰台,宋家庄家园四区,1,1,南,29,精装,有,50.21,2010,275
北京,通州,东亚印象台湖,2,1,南,12,简装,有,70.59,2015,235
北京,房山,中国铁建原香漫谷三区,2,2,南,20,简装,有,87.28,2015,187
北京,丰台,南宫雅苑一期,2,1,南 北,6,简装,有,86.12,2003,305
北京,丰台,红狮家园,2,1,南 北,18,精装,有,89.11,2010,513
北京,通州,华远铭悦,2,1,南 北,18,精装,有,85.41,2014,407
北京,朝阳,南沙滩小区,3,1,南 北,6,精装,无,60.76,1984,445
北京,丰台,芳星园一区,2,1,东 南,25,精装,有,63.4,1990,485
北京,朝阳,凌云名苑,3,2,南 北,11,精装,有,163.27,2014,1570
北京,通州,金隅七零九零,2,1,南,15,精装,有,71.28,2008,288
北京,朝阳,首开常青藤一期,2,1,南 北,6,精装,有,82.92,2010,684
北京,顺义,金汉绿港三区,2,1,东 南,18,精装,有,66.99,2009,286
北京,朝阳,富力阳光美园,2,1,南,27,精装,有,88.8,2010,530
北京,朝阳,北沙滩8号院,2,1,南,18,简装,有,73.23,1998,569
北京,石景山,苹果园小区二区,2,1,西南,16,简装,有,79.1,1994,360
北京,石景山,金顶阳光,3,1,南 北,18,精装,有,91.21,2009,539
北京,朝阳,朝阳新城五区,2,1,南 北,6,精装,无,86.87,2007,460
北京,海淀,毛纺住宅北小区,2,1,东 西 北,14,简装,有,75.5,1997,590
北京,石景山,西井小区一区,2,1,南 北,6,简装,无,44.39,1980,208
北京,朝阳,金蝉南里,2,2,西南,20,精装,有,84.67,2007,545
北京,大兴,双河北里,2,1,南 北,6,精装,无,82.1,1999,278
北京,朝阳,向军北里,2,1,南,14,精装,有,64.64,1983,528
北京,丰台,开阳里六区,3,1,东南,18,精装,有,86.8,2000,649
北京,朝阳,北纬40度二期,2,2,南 北,25,精装,有,102.35,2010,940
北京,大兴,福苑小区,2,1,南 西 北,6,精装,无,74.57,1997,239
北京,昌平,天通苑东一区,2,1,东南,19,精装,有,106.25,2001,426
北京,房山,长阳半岛1号院,2,1,西南 西北,21,精装,有,88.52,2012,368
北京,通州,DBC加州小镇C区,2,1,南 北,14,精装,有,98.26,2011,395
北京,大兴,观音寺南里,2,1,西南,5,简装,无,79.24,2008,254
北京,朝阳,劲松三区,1,1,南,6,精装,无,35.33,1979,265
北京,大兴,兴盛街187号院,2,1,南 北,12,简装,有,84.31,2009,306
北京,通州,海棠湾二期,2,2,南,27,精装,有,92.02,2011,436
北京,丰台,玉林东里三区,2,1,南 北,6,简装,无,56.83,1986,360
北京,东城,天坛西里东区,3,1,南 西,6,简装,无,82.97,2001,769
北京,房山,拱辰星园小区,2,1,东,14,精装,有,106.68,2004,310
北京,朝阳,壹线国际,2,1,南,9,精装,有,96.77,2006,636
北京,丰台,樊家村甲6号院,2,1,南,11,简装,有,74.91,2011,459
北京,顺义,石园东苑,2,1,南 北,6,精装,无,83.58,2003,275
北京,通州,葛布店南里,2,1,南 北,6,简装,无,60.54,1987,229
